{
	"credit": "Made with Blockbench",
	"textures": {
		"0": "block/stripped_dark_oak_log_a",
		"1": "block/stripped_birch_log_a",
		"particle": "block/stripped_birch_log"
	},
	"elements": [
		{
			"from": [5.33334, 10.91666, 0.00001],
			"to": [6, 15.91666, 15.99999],
			"rotation": {"angle": 0, "axis": "y", "origin": [5.33334, 0, 5.33334]},
			"faces": {
				"north": {"uv": [0, 0, 0.66667, 5], "texture": "#0"},
				"east": {"uv": [0, 0, 15.99998, 5], "texture": "#0"},
				"south": {"uv": [0, 0, 0.66667, 5], "texture": "#0"},
				"west": {"uv": [0, 0, 15.99998, 5], "texture": "#1"},
				"up": {"uv": [0, 0, 0.66667, 15.99998], "texture": "#0"},
				"down": {"uv": [0, 0, 0.66667, 15.99998], "texture": "#0"}
			}
		},
		{
			"from": [5, 15.24999, 0.00001],
			"to": [5.33334, 15.91666, 15.99999],
			"rotation": {"angle": 0, "axis": "y", "origin": [5.33334, 0, 5.33334]},
			"faces": {
				"north": {"uv": [0, 0, 0.33333, 0.66667], "texture": "#0"},
				"east": {"uv": [0, 0, 16, 2], "texture": "#0"},
				"south": {"uv": [0, 0, 1, 2], "texture": "#0"},
				"west": {"uv": [0, 0, 15.99998, 0.66667], "texture": "#0"},
				"up": {"uv": [0, 0, 0.33333, 15.99998], "texture": "#0"},
				"down": {"uv": [0, 0, 1, 16], "texture": "#0"}
			}
		},
		{
			"from": [5, 10.91666, 0.00001],
			"to": [5.33334, 11.58333, 15.99999],
			"rotation": {"angle": 0, "axis": "y", "origin": [5.33334, 0, 5.33334]},
			"faces": {
				"north": {"uv": [0, 0, 0.33333, 0.66667], "texture": "#0"},
				"east": {"uv": [0, 0, 16, 2], "texture": "#0"},
				"south": {"uv": [0, 0, 0.33333, 0.66667], "texture": "#0"},
				"west": {"uv": [0, 0, 15.99998, 0.66667], "texture": "#0"},
				"up": {"uv": [0, 0, 1, 16], "texture": "#0"},
				"down": {"uv": [0, 0, 0.33333, 15.99998], "texture": "#0"}
			}
		},
		{
			"from": [5, 11.58333, 0.00001],
			"to": [5.33334, 15.24999, 0.66667],
			"rotation": {"angle": 0, "axis": "y", "origin": [5.33334, 0, 5.33334]},
			"faces": {
				"north": {"uv": [0, 0, 0.33333, 3.66666], "texture": "#0"},
				"east": {"uv": [0, 0, 2, 11], "texture": "#0"},
				"south": {"uv": [0, 0, 1, 11], "texture": "#0"},
				"west": {"uv": [0, 0, 0.66667, 3.66666], "texture": "#0"},
				"up": {"uv": [0, 0, 1, 2], "texture": "#0"},
				"down": {"uv": [0, 0, 1, 2], "texture": "#0"}
			}
		},
		{
			"from": [5, 11.58333, 15.33333],
			"to": [5.33334, 15.24999, 15.99999],
			"rotation": {"angle": 0, "axis": "y", "origin": [5.33334, 0, 5.33334]},
			"faces": {
				"north": {"uv": [0, 0, 1, 11], "texture": "#0"},
				"east": {"uv": [0, 0, 2, 11], "texture": "#0"},
				"south": {"uv": [0, 0, 0.33333, 3.66666], "texture": "#0"},
				"west": {"uv": [0, 0, 0.66667, 3.66666], "texture": "#0"},
				"up": {"uv": [0, 0, 1, 2], "texture": "#0"},
				"down": {"uv": [0, 0, 1, 2], "texture": "#0"}
			}
		},
		{
			"from": [5, 12.24999, 1.33334],
			"to": [5.33334, 14.58332, 14.66666],
			"rotation": {"angle": 0, "axis": "y", "origin": [5.33334, 0, 5.33334]},
			"faces": {
				"north": {"uv": [0, 0, 1, 7], "texture": "#0"},
				"east": {"uv": [0, 0, 16, 7], "texture": "#0"},
				"south": {"uv": [0, 0, 1, 7], "texture": "#0"},
				"west": {"uv": [0, 0, 13.33332, 2.33333], "texture": "#0"},
				"up": {"uv": [0, 0, 1, 16], "texture": "#0"},
				"down": {"uv": [0, 0, 1, 16], "texture": "#0"}
			}
		},
		{
			"from": [4.33334, 12.91666, 7],
			"to": [5, 13.58333, 9],
			"rotation": {"angle": 0, "axis": "y", "origin": [5.33334, 0, 5.33334]},
			"faces": {
				"north": {"uv": [0, 0, 2, 2], "texture": "#1"},
				"east": {"uv": [0, 0, 6, 2], "texture": "#1"},
				"south": {"uv": [0, 0, 2, 2], "texture": "#1"},
				"west": {"uv": [0, 0, 2, 0.66667], "texture": "#1"},
				"up": {"uv": [0, 0, 2, 6], "texture": "#1"},
				"down": {"uv": [0, 0, 2, 6], "texture": "#1"}
			}
		},
		{
			"from": [5.33334, -0.08334, 0.00001],
			"to": [6, 4.91666, 15.99999],
			"rotation": {"angle": 0, "axis": "y", "origin": [5.33334, 0, 5.33334]},
			"faces": {
				"north": {"uv": [0, 0, 0.66667, 5], "texture": "#0"},
				"east": {"uv": [0, 0, 15.99998, 5], "texture": "#0"},
				"south": {"uv": [0, 0, 0.66667, 5], "texture": "#0"},
				"west": {"uv": [0, 0, 15.99998, 5], "texture": "#1"},
				"up": {"uv": [0, 0, 0.66667, 15.99998], "texture": "#0"},
				"down": {"uv": [0, 0, 0.66667, 15.99998], "texture": "#0"}
			}
		},
		{
			"from": [5, 4.24999, 0.00001],
			"to": [5.33334, 4.91666, 15.99999],
			"rotation": {"angle": 0, "axis": "y", "origin": [5.33334, 0, 5.33334]},
			"faces": {
				"north": {"uv": [0, 0, 0.33333, 0.66667], "texture": "#0"},
				"east": {"uv": [0, 0, 16, 2], "texture": "#0"},
				"south": {"uv": [0, 0, 1, 2], "texture": "#0"},
				"west": {"uv": [0, 0, 15.99998, 0.66667], "texture": "#0"},
				"up": {"uv": [0, 0, 0.33333, 15.99998], "texture": "#0"},
				"down": {"uv": [0, 0, 1, 16], "texture": "#0"}
			}
		},
		{
			"from": [5, -0.08334, 0.00001],
			"to": [5.33334, 0.58333, 15.99999],
			"rotation": {"angle": 0, "axis": "y", "origin": [5.33334, 0, 5.33334]},
			"faces": {
				"north": {"uv": [0, 0, 0.33333, 0.66667], "texture": "#0"},
				"east": {"uv": [0, 0, 16, 2], "texture": "#0"},
				"south": {"uv": [0, 0, 0.33333, 0.66667], "texture": "#0"},
				"west": {"uv": [0, 0, 15.99998, 0.66667], "texture": "#0"},
				"up": {"uv": [0, 0, 1, 16], "texture": "#0"},
				"down": {"uv": [0, 0, 0.33333, 15.99998], "texture": "#0"}
			}
		},
		{
			"from": [5, 0.58333, 0.00001],
			"to": [5.33334, 4.24999, 0.66667],
			"rotation": {"angle": 0, "axis": "y", "origin": [5.33334, 0, 5.33334]},
			"faces": {
				"north": {"uv": [0, 0, 0.33333, 3.66666], "texture": "#0"},
				"east": {"uv": [0, 0, 2, 11], "texture": "#0"},
				"south": {"uv": [0, 0, 1, 11], "texture": "#0"},
				"west": {"uv": [0, 0, 0.66667, 3.66666], "texture": "#0"},
				"up": {"uv": [0, 0, 1, 2], "texture": "#0"},
				"down": {"uv": [0, 0, 1, 2], "texture": "#0"}
			}
		},
		{
			"from": [5, 0.58333, 15.33333],
			"to": [5.33334, 4.24999, 15.99999],
			"rotation": {"angle": 0, "axis": "y", "origin": [5.33334, 0, 5.33334]},
			"faces": {
				"north": {"uv": [0, 0, 1, 11], "texture": "#0"},
				"east": {"uv": [0, 0, 2, 11], "texture": "#0"},
				"south": {"uv": [0, 0, 0.33333, 3.66666], "texture": "#0"},
				"west": {"uv": [0, 0, 0.66667, 3.66666], "texture": "#0"},
				"up": {"uv": [0, 0, 1, 2], "texture": "#0"},
				"down": {"uv": [0, 0, 1, 2], "texture": "#0"}
			}
		},
		{
			"from": [5, 1.24999, 1.33334],
			"to": [5.33334, 3.58332, 14.66666],
			"rotation": {"angle": 0, "axis": "y", "origin": [5.33334, 0, 5.33334]},
			"faces": {
				"north": {"uv": [0, 0, 1, 7], "texture": "#0"},
				"east": {"uv": [0, 0, 16, 7], "texture": "#0"},
				"south": {"uv": [0, 0, 1, 7], "texture": "#0"},
				"west": {"uv": [0, 0, 13.33332, 2.33333], "texture": "#0"},
				"up": {"uv": [0, 0, 1, 16], "texture": "#0"},
				"down": {"uv": [0, 0, 1, 16], "texture": "#0"}
			}
		},
		{
			"from": [4.33334, 1.91666, 7],
			"to": [5, 2.58333, 9],
			"rotation": {"angle": 0, "axis": "y", "origin": [5.33334, 0, 5.33334]},
			"faces": {
				"north": {"uv": [0, 0, 2, 2], "texture": "#1"},
				"east": {"uv": [0, 0, 6, 2], "texture": "#1"},
				"south": {"uv": [0, 0, 2, 2], "texture": "#1"},
				"west": {"uv": [0, 0, 2, 0.66667], "texture": "#1"},
				"up": {"uv": [0, 0, 2, 6], "texture": "#1"},
				"down": {"uv": [0, 0, 2, 6], "texture": "#1"}
			}
		},
		{
			"from": [5.33334, 5.41666, 0.00001],
			"to": [6, 10.41666, 15.99999],
			"rotation": {"angle": 0, "axis": "y", "origin": [5.33334, 0, 5.33334]},
			"faces": {
				"north": {"uv": [0, 0, 0.66667, 5], "texture": "#0"},
				"east": {"uv": [0, 0, 15.99998, 5], "texture": "#0"},
				"south": {"uv": [0, 0, 0.66667, 5], "texture": "#0"},
				"west": {"uv": [0, 0, 15.99998, 5], "texture": "#1"},
				"up": {"uv": [0, 0, 0.66667, 15.99998], "texture": "#0"},
				"down": {"uv": [0, 0, 0.66667, 15.99998], "texture": "#0"}
			}
		},
		{
			"from": [5, 9.74999, 0.00001],
			"to": [5.33334, 10.41666, 15.99999],
			"rotation": {"angle": 0, "axis": "y", "origin": [5.33334, 0, 5.33334]},
			"faces": {
				"north": {"uv": [0, 0, 0.33333, 0.66667], "texture": "#0"},
				"east": {"uv": [0, 0, 16, 2], "texture": "#0"},
				"south": {"uv": [0, 0, 1, 2], "texture": "#0"},
				"west": {"uv": [0, 0, 15.99998, 0.66667], "texture": "#0"},
				"up": {"uv": [0, 0, 0.33333, 15.99998], "texture": "#0"},
				"down": {"uv": [0, 0, 1, 16], "texture": "#0"}
			}
		},
		{
			"from": [5, 5.41666, 0.00001],
			"to": [5.33334, 6.08333, 15.99999],
			"rotation": {"angle": 0, "axis": "y", "origin": [5.33334, 0, 5.33334]},
			"faces": {
				"north": {"uv": [0, 0, 0.33333, 0.66667], "texture": "#0"},
				"east": {"uv": [0, 0, 16, 2], "texture": "#0"},
				"south": {"uv": [0, 0, 0.33333, 0.66667], "texture": "#0"},
				"west": {"uv": [0, 0, 15.99998, 0.66667], "texture": "#0"},
				"up": {"uv": [0, 0, 1, 16], "texture": "#0"},
				"down": {"uv": [0, 0, 0.33333, 15.99998], "texture": "#0"}
			}
		},
		{
			"from": [5, 6.08333, 0.00001],
			"to": [5.33334, 9.74999, 0.66667],
			"rotation": {"angle": 0, "axis": "y", "origin": [5.33334, 0, 5.33334]},
			"faces": {
				"north": {"uv": [0, 0, 0.33333, 3.66666], "texture": "#0"},
				"east": {"uv": [0, 0, 2, 11], "texture": "#0"},
				"south": {"uv": [0, 0, 1, 11], "texture": "#0"},
				"west": {"uv": [0, 0, 0.66667, 3.66666], "texture": "#0"},
				"up": {"uv": [0, 0, 1, 2], "texture": "#0"},
				"down": {"uv": [0, 0, 1, 2], "texture": "#0"}
			}
		},
		{
			"from": [5, 6.08333, 15.33333],
			"to": [5.33334, 9.74999, 15.99999],
			"rotation": {"angle": 0, "axis": "y", "origin": [5.33334, 0, 5.33334]},
			"faces": {
				"north": {"uv": [0, 0, 1, 11], "texture": "#0"},
				"east": {"uv": [0, 0, 2, 11], "texture": "#0"},
				"south": {"uv": [0, 0, 0.33333, 3.66666], "texture": "#0"},
				"west": {"uv": [0, 0, 0.66667, 3.66666], "texture": "#0"},
				"up": {"uv": [0, 0, 1, 2], "texture": "#0"},
				"down": {"uv": [0, 0, 1, 2], "texture": "#0"}
			}
		},
		{
			"from": [5, 6.74999, 1.33334],
			"to": [5.33334, 9.08332, 14.66666],
			"rotation": {"angle": 0, "axis": "y", "origin": [5.33334, 0, 5.33334]},
			"faces": {
				"north": {"uv": [0, 0, 1, 7], "texture": "#0"},
				"east": {"uv": [0, 0, 16, 7], "texture": "#0"},
				"south": {"uv": [0, 0, 1, 7], "texture": "#0"},
				"west": {"uv": [0, 0, 13.33332, 2.33333], "texture": "#0"},
				"up": {"uv": [0, 0, 1, 16], "texture": "#0"},
				"down": {"uv": [0, 0, 1, 16], "texture": "#0"}
			}
		},
		{
			"from": [4.33334, 7.41666, 7],
			"to": [5, 8.08333, 9],
			"rotation": {"angle": 0, "axis": "y", "origin": [5.33334, 0, 5.33334]},
			"faces": {
				"north": {"uv": [0, 0, 2, 2], "texture": "#1"},
				"east": {"uv": [0, 0, 6, 2], "texture": "#1"},
				"south": {"uv": [0, 0, 2, 2], "texture": "#1"},
				"west": {"uv": [0, 0, 2, 0.66667], "texture": "#1"},
				"up": {"uv": [0, 0, 2, 6], "texture": "#1"},
				"down": {"uv": [0, 0, 2, 6], "texture": "#1"}
			}
		}
	],
	"display": {
		"thirdperson_righthand": {
			"rotation": [75, 45, 0],
			"translation": [0, 2.5, 0],
			"scale": [0.375, 0.375, 0.375]
		},
		"thirdperson_lefthand": {
			"rotation": [75, 45, 0],
			"translation": [0, 0.5, 0],
			"scale": [0.375, 0.375, 0.375]
		},
		"firstperson_righthand": {
			"rotation": [0, 45, 0],
			"translation": [0, 3.5, 0],
			"scale": [0.4, 0.4, 0.4]
		},
		"firstperson_lefthand": {
			"rotation": [0, 225, 0],
			"translation": [0, 3.75, 0],
			"scale": [0.4, 0.4, 0.4]
		},
		"ground": {
			"translation": [0, 3, 0],
			"scale": [0.25, 0.25, 0.25]
		},
		"gui": {
			"rotation": [0, 90, 0],
			"translation": [0, 0.25, 0],
			"scale": [1, 0.9, 0.9]
		},
		"fixed": {
			"rotation": [0, -90, 0],
			"translation": [0, 0, 5.75],
			"scale": [1.8, 1.8, 1.8]
		}
	},
	"groups": [
		{
			"name": "group",
			"origin": [0, 0, 0],
			"children": [0, 1, 2, 3, 4, 5, 6]
		},
		{
			"name": "group",
			"origin": [0, 0, 0],
			"children": [7, 8, 9, 10, 11, 12, 13]
		},
		{
			"name": "group",
			"origin": [0, 0, 0],
			"children": [14, 15, 16, 17, 18, 19, 20]
		}
	]
}