{
	"credit": "Made with Blockbench",
	"textures": {
		"0": "block/stripped_dark_oak_log_a",
		"1": "block/stripped_birch_log_a",
		"particle": "block/stripped_birch_log"
	},
	"elements": [
		{
			"from": [0.00001, 3, 5.33334],
			"to": [15.99999, 10.66666, 6],
			"rotation": {"angle": 0, "axis": "y", "origin": [5.33334, 0, 5.33334]},
			"faces": {
				"north": {"uv": [0, 0, 15.99998, 7.66666], "texture": "#1"},
				"east": {"uv": [0, 0, 2, 16], "texture": "#0"},
				"south": {"uv": [0, 0, 15.99998, 7.66666], "texture": "#0"},
				"west": {"uv": [0, 0, 0.66667, 7.66666], "texture": "#0"},
				"up": {"uv": [0, 0, 16, 2], "texture": "#0"},
				"down": {"uv": [0, 0, 16, 2], "texture": "#0"}
			}
		},
		{
			"from": [0.00001, -5.33333, 5.33334],
			"to": [15.99999, 2.33333, 6],
			"rotation": {"angle": 0, "axis": "y", "origin": [5.33334, 0, 5.33334]},
			"faces": {
				"north": {"uv": [0, 0, 15.99998, 7.66666], "texture": "#1"},
				"east": {"uv": [0, 0, 2, 16], "texture": "#0"},
				"south": {"uv": [0, 0, 15.99998, 7.66666], "texture": "#0"},
				"west": {"uv": [0, 0, 2, 16], "texture": "#0"},
				"up": {"uv": [0, 0, 16, 2], "texture": "#0"},
				"down": {"uv": [0, 0, 16, 2], "texture": "#0"}
			}
		},
		{
			"from": [1.66667, 4.66666, 5],
			"to": [14.33333, 8.99999, 5.33334],
			"rotation": {"angle": 0, "axis": "y", "origin": [5.33334, 0, 5.33334]},
			"faces": {
				"north": {"uv": [0, 0, 12.66665, 4.33333], "texture": "#0"},
				"east": {"uv": [0, 0, 1, 13], "texture": "#0"},
				"south": {"uv": [0, 0, 16, 13], "texture": "#0"},
				"west": {"uv": [0, 0, 1, 13], "texture": "#0"},
				"up": {"uv": [0, 0, 16, 1], "texture": "#0"},
				"down": {"uv": [0, 0, 16, 1], "texture": "#0"}
			}
		},
		{
			"from": [7, 6.33333, 4.33334],
			"to": [9, 6.99999, 5],
			"rotation": {"angle": 0, "axis": "y", "origin": [5.33334, 0, 5.33334]},
			"faces": {
				"north": {"uv": [3, 0, 4, 2], "texture": "#1"},
				"east": {"uv": [0, 0, 2, 2], "texture": "#1"},
				"south": {"uv": [0, 0, 6, 2], "texture": "#1"},
				"west": {"uv": [0, 0, 2, 2], "texture": "#1"},
				"up": {"uv": [0, 0, 6, 2], "texture": "#1"},
				"down": {"uv": [4, 0, 5, 2], "texture": "#1"}
			}
		},
		{
			"from": [7, -2, 4.33334],
			"to": [9, -1.33333, 5],
			"rotation": {"angle": 0, "axis": "y", "origin": [5.33334, 0, 5.33334]},
			"faces": {
				"north": {"uv": [9, 1, 10, 3], "texture": "#1"},
				"east": {"uv": [0, 0, 2, 2], "texture": "#1"},
				"south": {"uv": [0, 0, 6, 2], "texture": "#1"},
				"west": {"uv": [0, 0, 2, 2], "texture": "#1"},
				"up": {"uv": [0, 0, 6, 2], "texture": "#1"},
				"down": {"uv": [0, 0, 6, 2], "texture": "#1"}
			}
		},
		{
			"from": [0.00001, 9.66666, 5],
			"to": [15.99999, 10.66666, 5.33334],
			"rotation": {"angle": 0, "axis": "y", "origin": [5.33334, 0, 5.33334]},
			"faces": {
				"north": {"uv": [0, 0, 15.99998, 1], "texture": "#0"},
				"east": {"uv": [0, 0, 1, 3], "texture": "#0"},
				"south": {"uv": [0, 0, 16, 3], "texture": "#0"},
				"west": {"uv": [0, 0, 1, 3], "texture": "#0"},
				"up": {"uv": [0, 0, 16, 1], "texture": "#0"},
				"down": {"uv": [0, 0, 16, 1], "texture": "#0"}
			}
		},
		{
			"from": [0.00001, 4, 5],
			"to": [1.00001, 9.66666, 5.33334],
			"rotation": {"angle": 0, "axis": "y", "origin": [5.33334, 0, 5.33334]},
			"faces": {
				"north": {"uv": [0, 0, 1, 5.66666], "texture": "#0"},
				"east": {"uv": [0, 0, 1, 16], "texture": "#0"},
				"south": {"uv": [0, 0, 3, 16], "texture": "#0"},
				"west": {"uv": [0, 0, 0.33333, 5.66666], "texture": "#0"},
				"up": {"uv": [0, 0, 3, 1], "texture": "#0"},
				"down": {"uv": [0, 0, 3, 1], "texture": "#0"}
			}
		},
		{
			"from": [0.00001, 3, 5],
			"to": [15.99999, 4, 5.33334],
			"rotation": {"angle": 0, "axis": "y", "origin": [5.33334, 0, 5.33334]},
			"faces": {
				"north": {"uv": [0, 0, 15.99998, 1], "texture": "#0"},
				"east": {"uv": [0, 0, 1, 3], "texture": "#0"},
				"south": {"uv": [0, 0, 16, 3], "texture": "#0"},
				"west": {"uv": [0, 0, 1, 3], "texture": "#0"},
				"up": {"uv": [0, 0, 16, 1], "texture": "#0"},
				"down": {"uv": [0, 0, 16, 1], "texture": "#0"}
			}
		},
		{
			"from": [14.99999, 4, 5],
			"to": [15.99999, 9.66666, 5.33334],
			"rotation": {"angle": 0, "axis": "y", "origin": [5.33334, 0, 5.33334]},
			"faces": {
				"north": {"uv": [0, 0, 1, 5.66666], "texture": "#0"},
				"east": {"uv": [0, 0, 1, 16], "texture": "#0"},
				"south": {"uv": [0, 0, 3, 16], "texture": "#0"},
				"west": {"uv": [0, 0, 1, 16], "texture": "#0"},
				"up": {"uv": [0, 0, 3, 1], "texture": "#0"},
				"down": {"uv": [0, 0, 3, 1], "texture": "#0"}
			}
		},
		{
			"from": [1.66667, -3.66666, 5],
			"to": [14.33333, 0.66667, 5.33334],
			"rotation": {"angle": 0, "axis": "y", "origin": [5.33334, 0, 5.33334]},
			"faces": {
				"north": {"uv": [0, 0, 12.66665, 4.33333], "texture": "#0"},
				"east": {"uv": [0, 0, 1, 13], "texture": "#0"},
				"south": {"uv": [0, 0, 16, 13], "texture": "#0"},
				"west": {"uv": [0, 0, 1, 13], "texture": "#0"},
				"up": {"uv": [0, 0, 16, 1], "texture": "#0"},
				"down": {"uv": [0, 0, 16, 1], "texture": "#0"}
			}
		},
		{
			"from": [0.00001, 1.33333, 5],
			"to": [15.99999, 2.33333, 5.33334],
			"rotation": {"angle": 0, "axis": "y", "origin": [5.33334, 0, 5.33334]},
			"faces": {
				"north": {"uv": [0, 0, 15.99998, 1], "texture": "#0"},
				"east": {"uv": [0, 0, 1, 3], "texture": "#0"},
				"south": {"uv": [0, 0, 16, 3], "texture": "#0"},
				"west": {"uv": [0, 0, 1, 3], "texture": "#0"},
				"up": {"uv": [0, 0, 16, 1], "texture": "#0"},
				"down": {"uv": [0, 0, 16, 1], "texture": "#0"}
			}
		},
		{
			"from": [0.00001, -4.33333, 5],
			"to": [1.00001, 1.33333, 5.33334],
			"rotation": {"angle": 0, "axis": "y", "origin": [5.33334, 0, 5.33334]},
			"faces": {
				"north": {"uv": [0, 0, 1, 5.66666], "texture": "#0"},
				"east": {"uv": [0, 0, 1, 16], "texture": "#0"},
				"south": {"uv": [0, 0, 3, 16], "texture": "#0"},
				"west": {"uv": [0, 0, 1, 16], "texture": "#0"},
				"up": {"uv": [0, 0, 3, 1], "texture": "#0"},
				"down": {"uv": [0, 0, 3, 1], "texture": "#0"}
			}
		},
		{
			"from": [0.00001, -5.33333, 5],
			"to": [15.99999, -4.33333, 5.33334],
			"rotation": {"angle": 0, "axis": "y", "origin": [5.33334, 0, 5.33334]},
			"faces": {
				"north": {"uv": [0, 0, 15.99998, 1], "texture": "#0"},
				"east": {"uv": [0, 0, 1, 3], "texture": "#0"},
				"south": {"uv": [0, 0, 16, 3], "texture": "#0"},
				"west": {"uv": [0, 0, 1, 3], "texture": "#0"},
				"up": {"uv": [0, 0, 16, 1], "texture": "#0"},
				"down": {"uv": [0, 0, 16, 1], "texture": "#0"}
			}
		},
		{
			"from": [14.99999, -4.33333, 5],
			"to": [15.99999, 1.33333, 5.33334],
			"rotation": {"angle": 0, "axis": "y", "origin": [5.33334, 0, 5.33334]},
			"faces": {
				"north": {"uv": [0, 0, 1, 5.66666], "texture": "#0"},
				"east": {"uv": [0, 0, 1, 16], "texture": "#0"},
				"south": {"uv": [0, 0, 3, 16], "texture": "#0"},
				"west": {"uv": [0, 0, 1, 16], "texture": "#0"},
				"up": {"uv": [0, 0, 3, 1], "texture": "#0"},
				"down": {"uv": [0, 0, 3, 1], "texture": "#0"}
			}
		}
	],
	"display": {
		"thirdperson_righthand": {
			"rotation": [75, 45, 0],
			"translation": [0, 2.5, 0],
			"scale": [0.375, 0.375, 0.375]
		},
		"thirdperson_lefthand": {
			"rotation": [75, 45, 0],
			"translation": [0, 0.75, 0],
			"scale": [0.375, 0.375, 0.375]
		},
		"firstperson_righthand": {
			"rotation": [0, 134, -6.75],
			"translation": [0, 5, 0],
			"scale": [0.4, 0.4, 0.4]
		},
		"firstperson_lefthand": {
			"rotation": [0, -222.75, 0],
			"translation": [0, 5.25, 0],
			"scale": [0.4, 0.4, 0.4]
		},
		"ground": {
			"translation": [0, 3, 0],
			"scale": [0.25, 0.25, 0.25]
		},
		"gui": {
			"rotation": [0, -180, 0],
			"translation": [0, 5, 0],
			"scale": [0.85, 0.85, 0.85]
		},
		"fixed": {
			"translation": [0, 9.5, 5.75],
			"scale": [1.8, 1.8, 1.8]
		}
	},
	"groups": [0, 1,
		{
			"name": "group",
			"origin": [0, 0, 0],
			"children": [2, 3, 4, 5, 6, 7, 8]
		},
		{
			"name": "group",
			"origin": [0, 0, 0],
			"children": [9, 10, 11, 12, 13]
		}
	]
}