{
	"credit": "Made with Blockbench",
	"textures": {
		"0": "block/stripped_dark_oak_log_a",
		"1": "block/stripped_birch_log_a",
		"particle": "block/stripped_birch_log"
	},
	"elements": [
		{
			"from": [4.33334, 8.24999, 7],
			"to": [5, 8.91666, 9],
			"rotation": {"angle": 0, "axis": "y", "origin": [5.33334, 0, 5.33334]},
			"faces": {
				"north": {"uv": [0, 0, 2, 2], "texture": "#1"},
				"east": {"uv": [0, 0, 6, 2], "texture": "#1"},
				"south": {"uv": [0, 0, 2, 2], "texture": "#1"},
				"west": {"uv": [4, 0, 6, 1], "texture": "#1"},
				"up": {"uv": [0, 0, 2, 6], "texture": "#1"},
				"down": {"uv": [0, 0, 2, 6], "texture": "#1"}
			}
		},
		{
			"from": [5, 7.49999, 1.25001],
			"to": [5.33334, 9.66666, 14.74999],
			"rotation": {"angle": 0, "axis": "y", "origin": [5.33334, 0, 5.33334]},
			"faces": {
				"north": {"uv": [0, 0, 1, 6], "texture": "#0"},
				"east": {"uv": [0, 0, 16, 6], "texture": "#0"},
				"south": {"uv": [0, 0, 1, 6], "texture": "#0"},
				"west": {"uv": [0, 0, 13.99999, 2.66666], "texture": "#0"},
				"up": {"uv": [0, 0, 1, 16], "texture": "#0"},
				"down": {"uv": [0, 0, 1, 16], "texture": "#0"}
			}
		},
		{
			"from": [5, 6.24999, 15.33333],
			"to": [5.33334, 10.24999, 15.99999],
			"rotation": {"angle": 0, "axis": "y", "origin": [5.33334, 0, 5.33334]},
			"faces": {
				"north": {"uv": [0, 0, 1, 12], "texture": "#0"},
				"east": {"uv": [0, 0, 2, 12], "texture": "#0"},
				"south": {"uv": [0, 0, 0.33333, 4], "texture": "#0"},
				"west": {"uv": [0, 0, 0.66667, 4], "texture": "#0"},
				"up": {"uv": [0, 0, 1, 2], "texture": "#0"},
				"down": {"uv": [0, 0, 1, 2], "texture": "#0"}
			}
		},
		{
			"from": [5, 6.24999, 0.66667],
			"to": [5.33334, 6.91666, 15.33333],
			"rotation": {"angle": 0, "axis": "y", "origin": [5.33334, 0, 5.33334]},
			"faces": {
				"north": {"uv": [0, 0, 1, 2], "texture": "#0"},
				"east": {"uv": [0, 0, 16, 2], "texture": "#0"},
				"south": {"uv": [0, 0, 1, 2], "texture": "#0"},
				"west": {"uv": [0, 0, 14.66665, 0.66667], "texture": "#0"},
				"up": {"uv": [0, 0, 1, 16], "texture": "#0"},
				"down": {"uv": [0, 0, 1, 16], "texture": "#0"}
			}
		},
		{
			"from": [5, 10.24999, 0.66667],
			"to": [5.33334, 10.91666, 15.99999],
			"rotation": {"angle": 0, "axis": "y", "origin": [5.33334, 0, 5.33334]},
			"faces": {
				"north": {"uv": [0, 0, 1, 2], "texture": "#0"},
				"east": {"uv": [0, 0, 16, 2], "texture": "#0"},
				"south": {"uv": [0, 0, 1, 2], "texture": "#0"},
				"west": {"uv": [0, 0, 15.33332, 0.66667], "texture": "#0"},
				"up": {"uv": [0, 0, 1, 16], "texture": "#0"},
				"down": {"uv": [0, 0, 1, 16], "texture": "#0"}
			}
		},
		{
			"from": [5, 6.24999, 0.00001],
			"to": [5.33334, 10.91666, 0.66667],
			"rotation": {"angle": 0, "axis": "y", "origin": [5.33334, 0, 5.33334]},
			"faces": {
				"north": {"uv": [0, 0, 0.33333, 4.66666], "texture": "#0"},
				"east": {"uv": [0, 0, 2, 12], "texture": "#0"},
				"south": {"uv": [0, 0, 1, 12], "texture": "#0"},
				"west": {"uv": [0, 0, 0.66667, 4.66666], "texture": "#0"},
				"up": {"uv": [0, 0, 1, 2], "texture": "#0"},
				"down": {"uv": [0, 0, 1, 2], "texture": "#0"}
			}
		},
		{
			"from": [5.33334, 6.24999, 0.00001],
			"to": [6.66667, 10.91666, 15.99999],
			"rotation": {"angle": 0, "axis": "y", "origin": [5.33334, 0, 5.33334]},
			"faces": {
				"north": {"uv": [0, 0, 1.33333, 4.66666], "texture": "#0"},
				"east": {"uv": [0, 0, 15.99998, 4.66666], "texture": "#0"},
				"south": {"uv": [0, 0, 1.33333, 4.66666], "texture": "#0"},
				"west": {"uv": [0, 0, 16, 12], "texture": "#1"},
				"up": {"uv": [0, 0, 1, 16], "texture": "#0"},
				"down": {"uv": [0, 0, 1, 16], "texture": "#0"}
			}
		},
		{
			"from": [5.33334, -5.33333, 0.00001],
			"to": [6.66667, 5.66666, 15.99999],
			"rotation": {"angle": 0, "axis": "y", "origin": [5.33334, 0, 5.33334]},
			"faces": {
				"north": {"uv": [4, 0, 5.33333, 10.99999], "texture": "#0"},
				"east": {"uv": [0, 0, 16, 16], "texture": "#0"},
				"south": {"uv": [0, 0, 1.33333, 10.99999], "texture": "#0"},
				"west": {"uv": [0, 0, 16, 16], "texture": "#1"},
				"up": {"uv": [0, 0, 1, 16], "texture": "#0"},
				"down": {"uv": [0, 0, 1.33333, 15.99998], "texture": "#0"}
			}
		},
		{
			"from": [5, -5.33333, 14.99999],
			"to": [5.33334, 5.66666, 15.99999],
			"rotation": {"angle": 0, "axis": "y", "origin": [5.33334, 0, 5.33334]},
			"faces": {
				"north": {"uv": [0, 0, 1, 16], "texture": "#0"},
				"east": {"uv": [0, 0, 3, 16], "texture": "#0"},
				"south": {"uv": [0, 0, 1, 16], "texture": "#0"},
				"west": {"uv": [0, 0, 1, 10.99999], "texture": "#0"},
				"up": {"uv": [0, 0, 1, 3], "texture": "#0"},
				"down": {"uv": [0, 0, 1, 3], "texture": "#0"}
			}
		},
		{
			"from": [4.33334, -1, 14.99999],
			"to": [5, 1, 15.66666],
			"rotation": {"angle": 0, "axis": "y", "origin": [5.33334, 0, 5.33334]},
			"faces": {
				"north": {"uv": [0, 0, 2, 6], "texture": "#1"},
				"east": {"uv": [0, 0, 2, 6], "texture": "#1"},
				"south": {"uv": [0, 0, 2, 6], "texture": "#1"},
				"west": {"uv": [1, 4, 2, 6], "texture": "#1"},
				"up": {"uv": [0, 0, 2, 2], "texture": "#1"},
				"down": {"uv": [0, 0, 2, 2], "texture": "#1"}
			}
		},
		{
			"from": [5, -3.75, 1.58334],
			"to": [5.33334, 4.08333, 14.41666],
			"rotation": {"angle": 0, "axis": "y", "origin": [5.33334, 0, 5.33334]},
			"faces": {
				"north": {"uv": [0, 0, 1, 16], "texture": "#0"},
				"east": {"uv": [0, 0, 16, 16], "texture": "#0"},
				"south": {"uv": [0, 0, 1, 16], "texture": "#0"},
				"west": {"uv": [0, 0, 13.33332, 8.33333], "texture": "#0"},
				"up": {"uv": [0, 0, 1, 16], "texture": "#0"},
				"down": {"uv": [0, 0, 1, 16], "texture": "#0"}
			}
		},
		{
			"from": [5, 4.66666, 1.00001],
			"to": [5.33334, 5.66666, 14.99999],
			"rotation": {"angle": 0, "axis": "y", "origin": [5.33334, 0, 5.33334]},
			"faces": {
				"north": {"uv": [0, 0, 1, 3], "texture": "#0"},
				"east": {"uv": [0, 0, 16, 3], "texture": "#0"},
				"south": {"uv": [0, 0, 1, 3], "texture": "#0"},
				"west": {"uv": [0, 0, 13.99999, 1], "texture": "#0"},
				"up": {"uv": [0, 0, 1, 16], "texture": "#0"},
				"down": {"uv": [0, 0, 1, 16], "texture": "#0"}
			}
		},
		{
			"from": [5, -5.33333, 1.00001],
			"to": [5.33334, -4.33333, 14.99999],
			"rotation": {"angle": 0, "axis": "y", "origin": [5.33334, 0, 5.33334]},
			"faces": {
				"north": {"uv": [0, 0, 1, 3], "texture": "#0"},
				"east": {"uv": [0, 0, 16, 3], "texture": "#0"},
				"south": {"uv": [0, 0, 1, 3], "texture": "#0"},
				"west": {"uv": [0, 0, 13.99999, 1], "texture": "#0"},
				"up": {"uv": [0, 0, 1, 16], "texture": "#0"},
				"down": {"uv": [0, 0, 1, 16], "texture": "#0"}
			}
		},
		{
			"from": [5, -5.33333, 0.00001],
			"to": [5.33334, 5.66666, 1.00001],
			"rotation": {"angle": 0, "axis": "y", "origin": [5.33334, 0, 5.33334]},
			"faces": {
				"north": {"uv": [0, 0, 0.33333, 10.99999], "texture": "#0"},
				"east": {"uv": [0, 0, 3, 16], "texture": "#0"},
				"south": {"uv": [0, 0, 1, 16], "texture": "#0"},
				"west": {"uv": [0, 0, 1, 10.99999], "texture": "#0"},
				"up": {"uv": [0, 0, 1, 3], "texture": "#0"},
				"down": {"uv": [0, 0, 1, 3], "texture": "#0"}
			}
		}
	],
	"display": {
		"thirdperson_righthand": {
			"rotation": [75, -50.75, 0],
			"translation": [0, 0.25, 0],
			"scale": [0.375, 0.375, 0.375]
		},
		"thirdperson_lefthand": {
			"rotation": [75, 45, 0],
			"translation": [0, 0.5, 0],
			"scale": [0.375, 0.375, 0.375]
		},
		"firstperson_righthand": {
			"rotation": [0, 45, 0],
			"translation": [0, 5.5, 0],
			"scale": [0.4, 0.4, 0.4]
		},
		"firstperson_lefthand": {
			"rotation": [0, 225, 0],
			"translation": [0, 4.75, 0],
			"scale": [0.4, 0.4, 0.4]
		},
		"ground": {
			"translation": [0, 3, 0],
			"scale": [0.25, 0.25, 0.25]
		},
		"gui": {
			"rotation": [0, 90, 0],
			"translation": [0, 5.25, 0],
			"scale": [1, 0.9, 0.9]
		},
		"fixed": {
			"rotation": [0, -90, 0],
			"translation": [0, 9.25, 5.6],
			"scale": [1.8, 1.8, 1.8]
		}
	},
	"groups": [
		{
			"name": "group",
			"origin": [0, 0, 0],
			"children": [0, 1, 2, 3, 4, 5, 6]
		},
		{
			"name": "group",
			"origin": [0, 0, 0],
			"children": [7, 8, 9, 10, 11, 12, 13]
		}
	]
}