{
	"credit": "Made with Blockbench",
	"textures": {
		"0": "block/book",
		"1": "block/birch_planks",
		"2": "block/book1",
		"3": "block/book2",
		"4": "block/book3",
		"7": "block/book6",
		"8": "block/book7",
		"9": "block/book8",
		"11": "block/iron_block",
		"particle": "block/book"
	},
	"elements": [
		{
			"from": [0, -0.5, 6],
			"to": [16, 1, 16],
			"faces": {
				"north": {"uv": [0, 0, 16, 1.5], "texture": "#1"},
				"east": {"uv": [0, 0, 10, 1.5], "texture": "#1"},
				"south": {"uv": [0, 0, 16, 1.5], "texture": "#1"},
				"west": {"uv": [0, 0, 10, 1.5], "texture": "#1"},
				"up": {"uv": [0, 0, 16, 10], "texture": "#1"},
				"down": {"uv": [0, 0, 16, 10], "texture": "#1"}
			}
		},
		{
			"from": [4, 1, 7],
			"to": [6, 9.25, 7.25],
			"faces": {
				"north": {"uv": [0, 0, 3, 12.5], "texture": "#3"},
				"east": {"uv": [0, 0, 2.5, 10.25], "texture": "#3"},
				"south": {"uv": [0, 0, 2.5, 10.25], "texture": "#3"},
				"west": {"uv": [2, 0, 2.25, 12.5], "texture": "#3"},
				"up": {"uv": [9, 5, 16, 6], "texture": "#3"},
				"down": {"uv": [0, 0, 2.5, 10.25], "texture": "#3"}
			}
		},
		{
			"from": [4, 1, 7.25],
			"to": [4.25, 9.25, 16],
			"faces": {
				"north": {"uv": [0, 0, 0.25, 10.25], "texture": "#3"},
				"east": {"uv": [0, 0, 8.75, 10.25], "texture": "#3"},
				"south": {"uv": [0, 0, 0.25, 10.25], "texture": "#3"},
				"west": {"uv": [2, 0, 13.5, 12.5], "texture": "#3"},
				"up": {"uv": [6, 7, 13, 8], "texture": "#3"},
				"down": {"uv": [0, 0, 0.25, 8.75], "texture": "#3"}
			}
		},
		{
			"from": [5.75, 1, 7.25],
			"to": [6, 9.25, 16],
			"faces": {
				"north": {"uv": [0, 0, 0.25, 10.25], "texture": "#3"},
				"east": {"uv": [0, 0, 8.75, 10.25], "texture": "#3"},
				"south": {"uv": [0, 0, 0.25, 10.25], "texture": "#3"},
				"west": {"uv": [0, 0, 8.75, 10.25], "texture": "#3"},
				"up": {"uv": [7, 0, 15, 1], "texture": "#3"},
				"down": {"uv": [0, 0, 0.25, 8.75], "texture": "#3"}
			}
		},
		{
			"from": [4.25, 1, 7.25],
			"to": [5.75, 9, 16],
			"faces": {
				"north": {"uv": [0, 0, 2, 10], "texture": "#0"},
				"east": {"uv": [0, 0, 8.75, 10], "texture": "#0"},
				"south": {"uv": [0, 0, 5, 16], "texture": "#0"},
				"west": {"uv": [0, 0, 8.75, 10], "texture": "#0"},
				"up": {"uv": [0, 0, 5, 16], "texture": "#0"},
				"down": {"uv": [0, 0, 2, 8.75], "texture": "#0"}
			}
		},
		{
			"from": [0, 1, 7.25],
			"to": [1, 9, 7.5],
			"faces": {
				"north": {"uv": [0, 0, 3, 15], "texture": "#9"},
				"east": {"uv": [0, 0, 0.25, 15], "texture": "#9"},
				"south": {"uv": [0, 0, 1.5, 11.25], "texture": "#9"},
				"west": {"uv": [0, 0, 0.25, 11.25], "texture": "#9"},
				"up": {"uv": [0, 0, 0.25, 1.5], "rotation": 90, "texture": "#9"},
				"down": {"uv": [0, 0, 0.25, 1.5], "rotation": 270, "texture": "#9"}
			}
		},
		{
			"from": [0, 1, 7.5],
			"to": [0.25, 9, 16],
			"faces": {
				"north": {"uv": [0, 0, 0.25, 8], "texture": "#9"},
				"east": {"uv": [0, 0, 8.5, 8], "texture": "#9"},
				"south": {"uv": [0, 0, 0.25, 8], "texture": "#9"},
				"west": {"uv": [0, 0, 8.5, 8], "texture": "#9"},
				"up": {"uv": [0, 0, 0.25, 8.5], "texture": "#9"},
				"down": {"uv": [0, 0, 0.25, 8.5], "texture": "#9"}
			}
		},
		{
			"from": [0.75, 1, 7.5],
			"to": [1, 9, 16],
			"faces": {
				"north": {"uv": [0, 0, 0.25, 11.25], "texture": "#9"},
				"east": {"uv": [0, 0, 7, 15], "texture": "#9"},
				"south": {"uv": [0, 0, 0.25, 11.25], "texture": "#9"},
				"west": {"uv": [0, 0, 9, 11.25], "texture": "#9"},
				"up": {"uv": [0, 0, 0.25, 9], "texture": "#9"},
				"down": {"uv": [0, 0, 0.25, 9], "texture": "#9"}
			}
		},
		{
			"from": [0.25, 1, 7.5],
			"to": [0.75, 8.75, 16],
			"faces": {
				"north": {"uv": [0, 0, 1, 11], "texture": "#0"},
				"east": {"uv": [0, 0, 9, 11], "texture": "#0"},
				"south": {"uv": [0, 0, 3.5, 16], "texture": "#0"},
				"west": {"uv": [0, 0, 9, 11], "texture": "#0"},
				"up": {"uv": [0, 0, 3.5, 16], "texture": "#0"},
				"down": {"uv": [0, 0, 1, 9], "texture": "#0"}
			}
		},
		{
			"from": [3, 1, 7.75],
			"to": [4, 10.5, 8],
			"faces": {
				"north": {"uv": [0, 0, 3, 12], "texture": "#4"},
				"east": {"uv": [2, 0, 2, 12], "texture": "#4"},
				"south": {"uv": [0, 0, 1.75, 10.75], "texture": "#4"},
				"west": {"uv": [0, 0, 0.25, 10.75], "texture": "#4"},
				"up": {"uv": [0, 0, 0.25, 1.75], "rotation": 90, "texture": "#4"},
				"down": {"uv": [0, 0, 0.25, 1.75], "rotation": 270, "texture": "#4"}
			}
		},
		{
			"from": [3, 1, 8],
			"to": [3.25, 10.5, 16],
			"faces": {
				"north": {"uv": [0, 0, 0.25, 9.5], "texture": "#4"},
				"east": {"uv": [0, 0, 8, 9.5], "texture": "#4"},
				"south": {"uv": [0, 0, 0.25, 9.5], "texture": "#4"},
				"west": {"uv": [0, 0, 8, 9.5], "texture": "#4"},
				"up": {"uv": [0, 0, 0.25, 8], "texture": "#4"},
				"down": {"uv": [0, 0, 0.25, 8], "texture": "#4"}
			}
		},
		{
			"from": [3.75, 1, 8],
			"to": [4, 10.5, 16],
			"faces": {
				"north": {"uv": [0, 0, 0.25, 10.75], "texture": "#4"},
				"east": {"uv": [2, 0, 10, 12], "texture": "#4"},
				"south": {"uv": [0, 0, 0.25, 10.75], "texture": "#4"},
				"west": {"uv": [0, 0, 8, 10.75], "texture": "#4"},
				"up": {"uv": [0, 0, 0.25, 8], "texture": "#4"},
				"down": {"uv": [0, 0, 0.25, 8], "texture": "#4"}
			}
		},
		{
			"from": [3.25, 1, 8],
			"to": [3.75, 10.25, 16],
			"faces": {
				"north": {"uv": [0, 0, 1.25, 10.5], "texture": "#0"},
				"east": {"uv": [0, 0, 8, 10.5], "texture": "#0"},
				"south": {"uv": [0, 0, 3, 16], "texture": "#0"},
				"west": {"uv": [0, 0, 8, 10.5], "texture": "#0"},
				"up": {"uv": [0, 0, 3, 16], "texture": "#0"},
				"down": {"uv": [0, 0, 1.25, 8], "texture": "#0"}
			}
		},
		{
			"from": [1, 1, 7.75],
			"to": [3, 11, 8],
			"faces": {
				"north": {"uv": [0, 0, 3, 13], "texture": "#2"},
				"east": {"uv": [0, 0, 0.25, 9.5], "texture": "#2"},
				"south": {"uv": [0, 0, 1.5, 9.5], "texture": "#2"},
				"west": {"uv": [0, 0, 0.25, 9.5], "texture": "#2"},
				"up": {"uv": [0, 0, 0.25, 1.5], "rotation": 90, "texture": "#2"},
				"down": {"uv": [0, 0, 0.25, 1.5], "rotation": 270, "texture": "#2"}
			}
		},
		{
			"from": [1, 1, 8],
			"to": [1.25, 11, 16],
			"faces": {
				"north": {"uv": [0, 0, 0.25, 9.5], "texture": "#2"},
				"east": {"uv": [0, 0, 8, 9.5], "texture": "#2"},
				"south": {"uv": [0, 0, 0.25, 9.5], "texture": "#2"},
				"west": {"uv": [0, 0, 8, 9.5], "texture": "#2"},
				"up": {"uv": [7, 6, 8, 11], "texture": "#2"},
				"down": {"uv": [0, 0, 0.25, 8], "texture": "#2"}
			}
		},
		{
			"from": [2.75, 1, 8],
			"to": [3, 11, 16],
			"faces": {
				"north": {"uv": [0, 0, 0.25, 9.5], "texture": "#2"},
				"east": {"uv": [0, 0, 8, 9.5], "texture": "#2"},
				"south": {"uv": [0, 0, 0.25, 9.5], "texture": "#2"},
				"west": {"uv": [0, 0, 8, 9.5], "texture": "#2"},
				"up": {"uv": [9, 5, 10, 11], "texture": "#2"},
				"down": {"uv": [0, 0, 0.25, 8], "texture": "#2"}
			}
		},
		{
			"from": [1.25, 1, 8],
			"to": [2.75, 10.75, 16],
			"faces": {
				"north": {"uv": [0, 0, 1, 9.25], "texture": "#0"},
				"east": {"uv": [0, 0, 8, 9.25], "texture": "#0"},
				"south": {"uv": [0, 0, 3.5, 16], "texture": "#0"},
				"west": {"uv": [0, 0, 8, 9.25], "texture": "#0"},
				"up": {"uv": [0, 0, 3.5, 16], "texture": "#0"},
				"down": {"uv": [0, 0, 1, 8], "texture": "#0"}
			}
		},
		{
			"from": [6, 1, 7.25],
			"to": [8, 10, 7.5],
			"faces": {
				"north": {"uv": [0, 0, 3, 12], "texture": "#8"},
				"east": {"uv": [0, 0, 0.25, 10], "texture": "#8"},
				"south": {"uv": [0, 0, 1.75, 10], "texture": "#8"},
				"west": {"uv": [0, 0, 0.25, 10], "texture": "#8"},
				"up": {"uv": [0, 0, 0.25, 1.75], "rotation": 90, "texture": "#8"},
				"down": {"uv": [0, 0, 0.25, 1.75], "rotation": 270, "texture": "#8"}
			}
		},
		{
			"from": [6, 1, 7.5],
			"to": [6.25, 10, 16],
			"faces": {
				"north": {"uv": [0, 0, 0.25, 10], "texture": "#8"},
				"east": {"uv": [7, 1, 15.5, 11], "texture": "#8"},
				"south": {"uv": [0, 0, 0.25, 10], "texture": "#8"},
				"west": {"uv": [8, 0, 16.5, 10], "texture": "#8"},
				"up": {"uv": [0, 0, 0.25, 8.5], "texture": "#8"},
				"down": {"uv": [0, 0, 0.25, 8.5], "texture": "#8"}
			}
		},
		{
			"from": [7.75, 1, 7.5],
			"to": [8, 10, 16],
			"faces": {
				"north": {"uv": [0, 0, 0.25, 10], "texture": "#8"},
				"east": {"uv": [7, 1, 15.5, 11], "texture": "#8"},
				"south": {"uv": [0, 0, 0.25, 10], "texture": "#8"},
				"west": {"uv": [7, 1, 15.5, 11], "texture": "#8"},
				"up": {"uv": [0, 0, 0.25, 8.5], "texture": "#8"},
				"down": {"uv": [0, 0, 0.25, 8.5], "texture": "#8"}
			}
		},
		{
			"from": [6.25, 1, 7.5],
			"to": [7.75, 9.75, 16],
			"faces": {
				"north": {"uv": [0, 0, 1.25, 9.75], "texture": "#0"},
				"east": {"uv": [0, 0, 8.5, 9.75], "texture": "#0"},
				"south": {"uv": [0, 0.5, 4, 16], "texture": "#0"},
				"west": {"uv": [0, 0, 8.5, 9.75], "texture": "#0"},
				"up": {"uv": [0, 0, 4, 16], "texture": "#0"},
				"down": {"uv": [0, 0, 1.25, 8.5], "texture": "#0"}
			}
		},
		{
			"from": [10.9, -3.55, 6.25],
			"to": [13.9, 5.45, 6.5],
			"rotation": {"angle": 22.5, "axis": "z", "origin": [0, 0, 0]},
			"faces": {
				"north": {"uv": [0, 0, 10, 16], "texture": "#7"},
				"east": {"uv": [0, 0, 0.25, 9], "texture": "#7"},
				"south": {"uv": [0, 0, 2.5, 9], "texture": "#7"},
				"west": {"uv": [0, 0, 0.25, 9], "texture": "#7"},
				"up": {"uv": [0, 0, 0.25, 2.5], "rotation": 90, "texture": "#7"},
				"down": {"uv": [0, 0, 0.25, 2.5], "rotation": 270, "texture": "#7"}
			}
		},
		{
			"from": [13.65, -3.55, 6.5],
			"to": [13.9, 5.45, 16],
			"rotation": {"angle": 22.5, "axis": "z", "origin": [0, 0, 0]},
			"faces": {
				"north": {"uv": [0, 0, 0.25, 9], "texture": "#7"},
				"east": {"uv": [0, 7, 9.5, 16], "texture": "#7"},
				"south": {"uv": [0, 0, 0.25, 9], "texture": "#7"},
				"west": {"uv": [0, 0, 9.5, 9], "texture": "#7"},
				"up": {"uv": [0, 0, 0.25, 9.5], "texture": "#7"},
				"down": {"uv": [0, 0, 0.25, 9.5], "texture": "#7"}
			}
		},
		{
			"from": [10.89, -3.55, 6.5],
			"to": [11.14, 5.45, 16],
			"rotation": {"angle": 22.5, "axis": "z", "origin": [0, 0, 0]},
			"faces": {
				"north": {"uv": [0, 0, 0.25, 9], "texture": "#7"},
				"east": {"uv": [0, 0, 9.5, 9], "texture": "#7"},
				"south": {"uv": [0, 0, 0.25, 9], "texture": "#7"},
				"west": {"uv": [4, 7, 13.5, 16], "texture": "#7"},
				"up": {"uv": [0, 0, 0.25, 9.5], "texture": "#7"},
				"down": {"uv": [0, 0, 0.25, 9.5], "texture": "#7"}
			}
		},
		{
			"from": [11.15, -3.55, 6.5],
			"to": [13.65, 5.2, 16],
			"rotation": {"angle": 22.5, "axis": "z", "origin": [0, 0, 0]},
			"faces": {
				"north": {"uv": [0, 0, 2, 8.75], "texture": "#0"},
				"east": {"uv": [0, 0, 9.5, 8.75], "texture": "#0"},
				"south": {"uv": [0, 0, 5, 16], "texture": "#0"},
				"west": {"uv": [0, 0, 9.5, 8.75], "texture": "#0"},
				"up": {"uv": [0, 0, 4.5, 16], "texture": "#0"},
				"down": {"uv": [0, 0, 2, 9.5], "texture": "#0"}
			}
		},
		{
			"from": [1, -1.5, 11.5],
			"to": [2, -0.5, 15.5],
			"faces": {
				"north": {"uv": [0, 0, 1, 1], "texture": "#11"},
				"east": {"uv": [0, 0, 4, 1], "texture": "#11"},
				"south": {"uv": [0, 0, 1, 1], "texture": "#11"},
				"west": {"uv": [0, 0, 4, 1], "texture": "#11"},
				"up": {"uv": [0, 0, 1, 4], "texture": "#11"},
				"down": {"uv": [0, 0, 1, 4], "texture": "#11"}
			}
		},
		{
			"from": [1, -3.5, 15],
			"to": [2, -0.5, 16],
			"faces": {
				"north": {"uv": [0, 0, 1, 3], "texture": "#11"},
				"east": {"uv": [0, 0, 1, 3], "texture": "#11"},
				"south": {"uv": [0, 0, 1, 3], "texture": "#11"},
				"west": {"uv": [0, 0, 1, 3], "texture": "#11"},
				"up": {"uv": [0, 0, 1, 1], "texture": "#11"},
				"down": {"uv": [0, 0, 1, 1], "texture": "#11"}
			}
		},
		{
			"from": [14, -1.5, 11.5],
			"to": [15, -0.5, 15.5],
			"faces": {
				"north": {"uv": [0, 0, 1, 1], "texture": "#11"},
				"east": {"uv": [0, 0, 4, 1], "texture": "#11"},
				"south": {"uv": [0, 0, 1, 1], "texture": "#11"},
				"west": {"uv": [0, 0, 4, 1], "texture": "#11"},
				"up": {"uv": [0, 0, 1, 4], "texture": "#11"},
				"down": {"uv": [0, 0, 1, 4], "texture": "#11"}
			}
		},
		{
			"from": [14, -3.5, 15],
			"to": [15, -0.5, 16],
			"faces": {
				"north": {"uv": [0, 0, 1, 3], "texture": "#11"},
				"east": {"uv": [0, 0, 1, 3], "texture": "#11"},
				"south": {"uv": [0, 0, 1, 3], "texture": "#11"},
				"west": {"uv": [0, 0, 1, 3], "texture": "#11"},
				"up": {"uv": [0, 0, 1, 1], "texture": "#11"},
				"down": {"uv": [0, 0, 1, 1], "texture": "#11"}
			}
		}
	],
	"display": {
		"thirdperson_righthand": {
			"rotation": [75, 45, 0],
			"translation": [0, 2.5, 0],
			"scale": [0.375, 0.375, 0.375]
		},
		"thirdperson_lefthand": {
			"rotation": [75, 45, 0],
			"translation": [0, 2.5, 0],
			"scale": [0.375, 0.375, 0.375]
		},
		"firstperson_righthand": {
			"rotation": [0, 132.75, 0],
			"translation": [0, 3.5, 0],
			"scale": [0.4, 0.4, 0.4]
		},
		"firstperson_lefthand": {
			"rotation": [0, -230.75, 0],
			"translation": [0, 4, 0],
			"scale": [0.4, 0.4, 0.4]
		},
		"ground": {
			"translation": [0, -1.5, 0],
			"scale": [0.25, 0.25, 0.25]
		},
		"gui": {
			"rotation": [0, -180, 0],
			"translation": [0, 2, 0]
		},
		"fixed": {
			"translation": [0, 8, -14.5],
			"scale": [2, 2, 2.01]
		}
	},
	"groups": [0,
		{
			"name": "group",
			"origin": [0, 0, 0],
			"children": [1, 2, 3, 4]
		},
		{
			"name": "group",
			"origin": [0, 0, 0],
			"children": [5, 6, 7, 8]
		},
		{
			"name": "group",
			"origin": [0, 0, 0],
			"children": [9, 10, 11, 12]
		},
		{
			"name": "group",
			"origin": [0, 0, 0],
			"children": [13, 14, 15, 16]
		},
		{
			"name": "group",
			"origin": [0, 0, 0],
			"children": [17, 18, 19, 20]
		},
		{
			"name": "group",
			"origin": [0, 0, 0],
			"children": [21, 22, 23, 24]
		},
		{
			"name": "group",
			"origin": [0, 0, 0],
			"children": [25, 26]
		},
		{
			"name": "group",
			"origin": [0, 0, 0],
			"children": [27, 28]
		}
	]
}