{
	"credit": "Made with Blockbench",
	"textures": {
		"0": "block/book",
		"1": "block/oak_planks",
		"2": "block/book1",
		"3": "block/book2",
		"4": "block/book3",
		"5": "block/book4",
		"6": "block/book5",
		"7": "block/book6",
		"8": "block/book7",
		"9": "block/book8",
		"10": "block/book9",
		"11": "block/iron_block",
		"particle": "block/book"
	},
	"elements": [
		{
			"from": [0, -0.5, 6],
			"to": [16, 1, 16],
			"faces": {
				"north": {"uv": [0, 0, 16, 1.5], "texture": "#1"},
				"east": {"uv": [0, 0, 10, 1.5], "texture": "#1"},
				"south": {"uv": [0, 0, 16, 1.5], "texture": "#1"},
				"west": {"uv": [0, 0, 10, 1.5], "texture": "#1"},
				"up": {"uv": [0, 0, 16, 10], "texture": "#1"},
				"down": {"uv": [0, 0, 16, 10], "texture": "#1"}
			}
		},
		{
			"from": [0, 1, 6.75],
			"to": [1, 9, 7],
			"faces": {
				"north": {"uv": [0, 0, 3, 10], "texture": "#10"},
				"east": {"uv": [0, 0, 0.25, 11.25], "texture": "#10"},
				"south": {"uv": [0, 0, 1.5, 11.25], "texture": "#10"},
				"west": {"uv": [0, 0, 0.25, 11.25], "texture": "#10"},
				"up": {"uv": [0, 0, 0.25, 1.5], "rotation": 90, "texture": "#10"},
				"down": {"uv": [0, 0, 0.25, 1.5], "rotation": 270, "texture": "#10"}
			}
		},
		{
			"from": [0, 1, 7],
			"to": [0.25, 9, 16],
			"faces": {
				"north": {"uv": [0, 0, 0.25, 11.25], "texture": "#10"},
				"east": {"uv": [0, 0, 9, 11.25], "texture": "#10"},
				"south": {"uv": [0, 0, 0.25, 11.25], "texture": "#10"},
				"west": {"uv": [6, 0, 15, 11], "texture": "#10"},
				"up": {"uv": [0, 0, 0.25, 9], "texture": "#10"},
				"down": {"uv": [0, 0, 0.25, 9], "texture": "#10"}
			}
		},
		{
			"from": [0.75, 1, 7],
			"to": [1, 9, 16],
			"faces": {
				"north": {"uv": [0, 0, 0.25, 11.25], "texture": "#10"},
				"east": {"uv": [5, 0, 14, 11.25], "texture": "#10"},
				"south": {"uv": [0, 0, 0.25, 11.25], "texture": "#10"},
				"west": {"uv": [0, 0, 9, 11.25], "texture": "#10"},
				"up": {"uv": [0, 0, 0.25, 9], "texture": "#10"},
				"down": {"uv": [0, 0, 0.25, 9], "texture": "#10"}
			}
		},
		{
			"from": [0.25, 1, 7],
			"to": [0.75, 8.75, 16],
			"faces": {
				"north": {"uv": [0, 0, 1, 11], "texture": "#0"},
				"east": {"uv": [0, 0, 9, 11], "texture": "#0"},
				"south": {"uv": [0, 0, 3.5, 16], "texture": "#0"},
				"west": {"uv": [0, 0, 9, 11], "texture": "#0"},
				"up": {"uv": [0, 0, 3.5, 16], "texture": "#0"},
				"down": {"uv": [0, 0, 1, 9], "texture": "#0"}
			}
		},
		{
			"from": [1, 1, 6.75],
			"to": [3, 10, 7],
			"faces": {
				"north": {"uv": [0, 0, 3, 13], "texture": "#8"},
				"east": {"uv": [0, 0, 0.25, 12], "texture": "#8"},
				"south": {"uv": [0, 0, 1.5, 12], "texture": "#8"},
				"west": {"uv": [0, 0, 0.25, 12], "texture": "#8"},
				"up": {"uv": [0, 0, 0.25, 1.5], "rotation": 90, "texture": "#8"},
				"down": {"uv": [0, 0, 0.25, 1.5], "rotation": 270, "texture": "#8"}
			}
		},
		{
			"from": [1, 1, 7],
			"to": [1.25, 10, 16],
			"faces": {
				"north": {"uv": [0, 0, 0.25, 12], "texture": "#8"},
				"east": {"uv": [0, 0, 9, 12], "texture": "#8"},
				"south": {"uv": [0, 0, 0.25, 12], "texture": "#8"},
				"west": {"uv": [7, 1, 16, 13], "texture": "#8"},
				"up": {"uv": [0, 0, 0.25, 9], "texture": "#8"},
				"down": {"uv": [0, 0, 0.25, 9], "texture": "#8"}
			}
		},
		{
			"from": [2.75, 1, 7],
			"to": [3, 10, 16],
			"faces": {
				"north": {"uv": [0, 0, 0.25, 12], "texture": "#8"},
				"east": {"uv": [5, 0, 14, 12], "texture": "#8"},
				"south": {"uv": [0, 0, 0.25, 12], "texture": "#8"},
				"west": {"uv": [0, 0, 9, 12], "texture": "#8"},
				"up": {"uv": [0, 0, 0.25, 9], "texture": "#8"},
				"down": {"uv": [0, 0, 0.25, 9], "texture": "#8"}
			}
		},
		{
			"from": [1.25, 1, 7],
			"to": [2.75, 9.75, 16],
			"faces": {
				"north": {"uv": [0, 0, 1, 11.75], "texture": "#0"},
				"east": {"uv": [0, 0, 9, 11.75], "texture": "#0"},
				"south": {"uv": [0, 0, 3, 16], "texture": "#0"},
				"west": {"uv": [0, 0, 9, 11.75], "texture": "#0"},
				"up": {"uv": [0, 0, 3, 16], "texture": "#0"},
				"down": {"uv": [0, 0, 1, 9], "texture": "#0"}
			}
		},
		{
			"from": [3, 1, 7.75],
			"to": [6, 11, 8],
			"faces": {
				"north": {"uv": [0, 0, 3, 10], "texture": "#5"},
				"east": {"uv": [1, 0, 1.25, 10], "texture": "#5"},
				"south": {"uv": [0, 0, 1.5, 9.5], "texture": "#5"},
				"west": {"uv": [0, 0, 0.25, 9.5], "texture": "#5"},
				"up": {"uv": [0, 0, 0.25, 1.5], "rotation": 90, "texture": "#5"},
				"down": {"uv": [0, 0, 0.25, 1.5], "rotation": 270, "texture": "#5"}
			}
		},
		{
			"from": [3, 1, 8],
			"to": [3.25, 11, 16],
			"faces": {
				"north": {"uv": [0, 0, 0.25, 9.5], "texture": "#5"},
				"east": {"uv": [0, 0, 8, 9.5], "texture": "#5"},
				"south": {"uv": [0, 0, 0.25, 9.5], "texture": "#5"},
				"west": {"uv": [0, 0, 8, 9.5], "texture": "#5"},
				"up": {"uv": [7, 0, 7.25, 8], "texture": "#5"},
				"down": {"uv": [0, 0, 0.25, 8], "texture": "#5"}
			}
		},
		{
			"from": [5.75, 1, 8],
			"to": [6, 11, 16],
			"faces": {
				"north": {"uv": [0, 0, 0.25, 9.5], "texture": "#5"},
				"east": {"uv": [0, 0, 8, 9.5], "texture": "#5"},
				"south": {"uv": [0, 0, 0.25, 9.5], "texture": "#5"},
				"west": {"uv": [0, 0, 8, 9.5], "texture": "#5"},
				"up": {"uv": [8, 1, 8.25, 9], "texture": "#5"},
				"down": {"uv": [0, 0, 0.25, 8], "texture": "#5"}
			}
		},
		{
			"from": [3.25, 1, 8],
			"to": [5.75, 10.75, 16],
			"faces": {
				"north": {"uv": [0, 0, 1, 9.25], "texture": "#0"},
				"east": {"uv": [0, 0, 8, 9.25], "texture": "#0"},
				"south": {"uv": [0, 0, 3.5, 16], "texture": "#0"},
				"west": {"uv": [0, 0, 8, 9.25], "texture": "#0"},
				"up": {"uv": [0, 0, 3.5, 16], "texture": "#0"},
				"down": {"uv": [0, 0, 1, 8], "texture": "#0"}
			}
		},
		{
			"from": [7, 1, 7.75],
			"to": [10, 10, 8],
			"faces": {
				"north": {"uv": [0, 0, 3, 9], "texture": "#9"},
				"east": {"uv": [2, 0, 2.25, 9], "texture": "#9"},
				"south": {"uv": [0, 0, 1.75, 10.75], "texture": "#9"},
				"west": {"uv": [0, 0, 0.25, 9], "texture": "#9"},
				"up": {"uv": [0, 0, 0.25, 1.75], "rotation": 90, "texture": "#9"},
				"down": {"uv": [0, 0, 0.25, 1.75], "rotation": 270, "texture": "#9"}
			}
		},
		{
			"from": [7, 1, 8],
			"to": [7.25, 10, 16],
			"faces": {
				"north": {"uv": [0, 0, 0.25, 10.75], "texture": "#9"},
				"east": {"uv": [0, 0, 8, 10.75], "texture": "#9"},
				"south": {"uv": [0, 0, 0.25, 10.75], "texture": "#9"},
				"west": {"uv": [8, 0, 16, 10.75], "texture": "#9"},
				"up": {"uv": [11, 4, 12, 12], "texture": "#9"},
				"down": {"uv": [0, 0, 0.25, 8], "texture": "#9"}
			}
		},
		{
			"from": [9.75, 1, 8],
			"to": [10, 10, 16],
			"faces": {
				"north": {"uv": [0, 0, 0.25, 10.75], "texture": "#9"},
				"east": {"uv": [8, 0, 16, 12], "texture": "#9"},
				"south": {"uv": [0, 0, 0.25, 10.75], "texture": "#9"},
				"west": {"uv": [0, 0, 8, 10.75], "texture": "#9"},
				"up": {"uv": [11, 4, 11.25, 12], "texture": "#9"},
				"down": {"uv": [0, 0, 0.25, 8], "texture": "#9"}
			}
		},
		{
			"from": [7.25, 1, 8],
			"to": [9.75, 9.75, 16],
			"faces": {
				"north": {"uv": [0, 0, 1.25, 10.5], "texture": "#0"},
				"east": {"uv": [0, 0, 8, 10.5], "texture": "#0"},
				"south": {"uv": [0, 0, 3, 16], "texture": "#0"},
				"west": {"uv": [0, 0, 8, 10.5], "texture": "#0"},
				"up": {"uv": [0, 0, 3, 16], "texture": "#0"},
				"down": {"uv": [0, 0, 1.25, 8], "texture": "#0"}
			}
		},
		{
			"from": [10, 1, 7.75],
			"to": [11, 11, 8],
			"faces": {
				"north": {"uv": [0, 0, 3, 10], "texture": "#4"},
				"east": {"uv": [0, 0, 0.25, 9.5], "texture": "#4"},
				"south": {"uv": [0, 0, 1.5, 9.5], "texture": "#4"},
				"west": {"uv": [0, 0, 0.25, 9.5], "texture": "#4"},
				"up": {"uv": [0, 0, 0.25, 1.5], "rotation": 90, "texture": "#4"},
				"down": {"uv": [0, 0, 0.25, 1.5], "rotation": 270, "texture": "#4"}
			}
		},
		{
			"from": [10, 1, 8],
			"to": [10.25, 11, 16],
			"faces": {
				"north": {"uv": [0, 0, 0.25, 9.5], "texture": "#4"},
				"east": {"uv": [0, 0, 8, 9.5], "texture": "#4"},
				"south": {"uv": [0, 0, 0.25, 9.5], "texture": "#4"},
				"west": {"uv": [0, 0, 8, 9.5], "texture": "#4"},
				"up": {"uv": [8, 1, 8.25, 9], "texture": "#4"},
				"down": {"uv": [0, 0, 0.25, 8], "texture": "#4"}
			}
		},
		{
			"from": [10.75, 1, 8],
			"to": [11, 11, 16],
			"faces": {
				"north": {"uv": [0, 0, 0.25, 9.5], "texture": "#4"},
				"east": {"uv": [6, 2, 14, 11.5], "texture": "#4"},
				"south": {"uv": [0, 0, 0.25, 9.5], "texture": "#4"},
				"west": {"uv": [0, 0, 8, 9.5], "texture": "#4"},
				"up": {"uv": [7, 1, 7.25, 9], "texture": "#4"},
				"down": {"uv": [0, 0, 0.25, 8], "texture": "#4"}
			}
		},
		{
			"from": [10.25, 1, 8],
			"to": [10.75, 10.75, 16],
			"faces": {
				"north": {"uv": [0, 0, 1, 9.25], "texture": "#0"},
				"east": {"uv": [0, 0, 8, 9.25], "texture": "#0"},
				"south": {"uv": [0, 0, 4, 16], "texture": "#0"},
				"west": {"uv": [0, 0, 8, 9.25], "texture": "#0"},
				"up": {"uv": [0, 0, 4, 16], "texture": "#0"},
				"down": {"uv": [0, 0, 1, 8], "texture": "#0"}
			}
		},
		{
			"from": [6, 1, 8.25],
			"to": [7, 10, 8.5],
			"faces": {
				"north": {"uv": [0, 0, 3, 11], "texture": "#6"},
				"east": {"uv": [0, 0, 2.5, 10.25], "texture": "#6"},
				"south": {"uv": [0, 0, 2.5, 10.25], "texture": "#6"},
				"west": {"uv": [2, 0, 2.25, 12.5], "texture": "#6"},
				"up": {"uv": [9, 5, 16, 6], "texture": "#6"},
				"down": {"uv": [0, 0, 2.5, 10.25], "texture": "#6"}
			}
		},
		{
			"from": [6, 1, 8.5],
			"to": [6.25, 10, 16],
			"faces": {
				"north": {"uv": [0, 0, 0.25, 10.25], "texture": "#6"},
				"east": {"uv": [7, 0, 15.75, 10.25], "texture": "#6"},
				"south": {"uv": [0, 0, 0.25, 10.25], "texture": "#6"},
				"west": {"uv": [7, 0, 16, 12], "texture": "#6"},
				"up": {"uv": [6, 7, 13, 8], "texture": "#6"},
				"down": {"uv": [0, 0, 0.25, 8.75], "texture": "#6"}
			}
		},
		{
			"from": [6.75, 1, 8.5],
			"to": [7, 10, 16],
			"faces": {
				"north": {"uv": [0, 0, 0.25, 10.25], "texture": "#6"},
				"east": {"uv": [7, 0, 15.75, 10.25], "texture": "#6"},
				"south": {"uv": [0, 0, 0.25, 10.25], "texture": "#6"},
				"west": {"uv": [7, 0, 15.75, 10.25], "texture": "#6"},
				"up": {"uv": [7, 0, 15, 1], "texture": "#6"},
				"down": {"uv": [0, 0, 0.25, 8.75], "texture": "#6"}
			}
		},
		{
			"from": [6.25, 1, 8.5],
			"to": [6.75, 9.75, 16],
			"faces": {
				"north": {"uv": [0, 0, 2, 10], "texture": "#0"},
				"east": {"uv": [0, 0, 8.75, 10], "texture": "#0"},
				"south": {"uv": [0, 0, 5, 16], "texture": "#0"},
				"west": {"uv": [0, 0, 8.75, 10], "texture": "#0"},
				"up": {"uv": [0, 0, 5, 16], "texture": "#0"},
				"down": {"uv": [0, 0, 2, 8.75], "texture": "#0"}
			}
		},
		{
			"from": [15.75, 1, 7.25],
			"to": [16, 9, 16],
			"faces": {
				"north": {"uv": [0, 0, 0.25, 11], "texture": "#3"},
				"east": {"uv": [7, 1, 15, 12], "texture": "#3"},
				"south": {"uv": [0, 0, 0.25, 11], "texture": "#3"},
				"west": {"uv": [0, 0, 8.75, 11], "texture": "#3"},
				"up": {"uv": [13, 1, 13.25, 9.75], "texture": "#3"},
				"down": {"uv": [0, 0, 0.25, 8.75], "texture": "#3"}
			}
		},
		{
			"from": [12, 1, 7],
			"to": [16, 9, 7.25],
			"faces": {
				"north": {"uv": [0, 0, 3, 11], "texture": "#3"},
				"east": {"uv": [0, 0, 0.25, 11], "texture": "#3"},
				"south": {"uv": [0, 0, 1.5, 11], "texture": "#3"},
				"west": {"uv": [0, 0, 0.25, 11], "texture": "#3"},
				"up": {"uv": [0, 0, 0.25, 1.5], "rotation": 90, "texture": "#3"},
				"down": {"uv": [0, 0, 0.25, 1.5], "rotation": 270, "texture": "#3"}
			}
		},
		{
			"from": [12.25, 1, 7.25],
			"to": [15.75, 8.75, 16],
			"faces": {
				"north": {"uv": [0, 0, 1, 10.75], "texture": "#0"},
				"east": {"uv": [0, 0, 8.75, 10.75], "texture": "#0"},
				"south": {"uv": [0, 0, 3, 16], "texture": "#0"},
				"west": {"uv": [0, 0, 8.75, 10.75], "texture": "#0"},
				"up": {"uv": [0, 0, 3, 16], "texture": "#0"},
				"down": {"uv": [0, 0, 1, 8.75], "texture": "#0"}
			}
		},
		{
			"from": [12, 1, 7.25],
			"to": [12.25, 9, 16],
			"faces": {
				"north": {"uv": [0, 0, 0.25, 11], "texture": "#3"},
				"east": {"uv": [8, 0, 16, 11], "texture": "#3"},
				"south": {"uv": [0, 0, 0.25, 11], "texture": "#3"},
				"west": {"uv": [0, 0, 8.75, 11], "texture": "#3"},
				"up": {"uv": [13, 1, 13.25, 9.75], "texture": "#3"},
				"down": {"uv": [0, 0, 0.25, 8.75], "texture": "#3"}
			}
		},
		{
			"from": [6, 1, 7.25],
			"to": [7.75, 11, 7.5],
			"faces": {
				"north": {"uv": [2, 0, 9, 12], "texture": "#7"},
				"east": {"uv": [0, 0, 0.25, 10], "texture": "#7"},
				"south": {"uv": [0, 0, 1.75, 10], "texture": "#7"},
				"west": {"uv": [0, 0, 0.25, 10], "texture": "#7"},
				"up": {"uv": [0, 0, 0.25, 1.75], "rotation": 90, "texture": "#7"},
				"down": {"uv": [0, 0, 0.25, 1.75], "rotation": 270, "texture": "#7"}
			}
		},
		{
			"from": [6, 1, 7.5],
			"to": [6.25, 11, 16],
			"faces": {
				"north": {"uv": [0, 0, 0.25, 10], "texture": "#7"},
				"east": {"uv": [7, 1, 15.5, 11], "texture": "#7"},
				"south": {"uv": [0, 0, 0.25, 10], "texture": "#7"},
				"west": {"uv": [8, 0, 16.5, 10], "texture": "#7"},
				"up": {"uv": [0, 0, 0.25, 8.5], "texture": "#7"},
				"down": {"uv": [0, 0, 0.25, 8.5], "texture": "#7"}
			}
		},
		{
			"from": [7.5, 1, 7.5],
			"to": [7.75, 11, 16],
			"faces": {
				"north": {"uv": [0, 0, 0.25, 10], "texture": "#7"},
				"east": {"uv": [7, 1, 15.5, 11], "texture": "#7"},
				"south": {"uv": [0, 0, 0.25, 10], "texture": "#7"},
				"west": {"uv": [7, 1, 15.5, 11], "texture": "#7"},
				"up": {"uv": [0, 0, 0.25, 8.5], "texture": "#7"},
				"down": {"uv": [0, 0, 0.25, 8.5], "texture": "#7"}
			}
		},
		{
			"from": [6.25, 1, 7.5],
			"to": [7.5, 10.75, 16],
			"faces": {
				"north": {"uv": [0, 0, 1.25, 9.75], "texture": "#0"},
				"east": {"uv": [0, 0, 8.5, 9.75], "texture": "#0"},
				"south": {"uv": [0, 0.5, 4, 16], "texture": "#0"},
				"west": {"uv": [0, 0, 8.5, 9.75], "texture": "#0"},
				"up": {"uv": [0, 0, 4, 16], "texture": "#0"},
				"down": {"uv": [0, 0, 1.25, 8.5], "texture": "#0"}
			}
		},
		{
			"from": [11, 1, 6.25],
			"to": [12, 10, 6.5],
			"faces": {
				"north": {"uv": [0, 0, 3, 16], "texture": "#2"},
				"east": {"uv": [10, 0, 10, 16], "texture": "#2"},
				"south": {"uv": [0, 0, 2.5, 9], "texture": "#2"},
				"west": {"uv": [7, 0, 7, 16], "texture": "#2"},
				"up": {"uv": [8, 7, 9, 10], "rotation": 90, "texture": "#2"},
				"down": {"uv": [0, 0, 0.25, 2.5], "rotation": 270, "texture": "#2"}
			}
		},
		{
			"from": [11, 1, 6.5],
			"to": [11.25, 10, 16],
			"faces": {
				"north": {"uv": [0, 0, 0.25, 9], "texture": "#2"},
				"east": {"uv": [0, 0, 9.5, 9], "texture": "#2"},
				"south": {"uv": [0, 0, 0.25, 9], "texture": "#2"},
				"west": {"uv": [4, 0, 14, 16], "texture": "#2"},
				"up": {"uv": [9, 6, 12, 11], "texture": "#2"},
				"down": {"uv": [0, 0, 0.25, 9.5], "texture": "#2"}
			}
		},
		{
			"from": [11.75, 1, 6.5],
			"to": [12, 10, 16],
			"faces": {
				"north": {"uv": [0, 0, 0.25, 9], "texture": "#2"},
				"east": {"uv": [7, 0, 17, 16], "texture": "#2"},
				"south": {"uv": [0, 0, 0.25, 9], "texture": "#2"},
				"west": {"uv": [0, 0, 9.5, 9], "texture": "#2"},
				"up": {"uv": [8, 6, 11, 11], "texture": "#2"},
				"down": {"uv": [0, 0, 0.25, 9.5], "texture": "#2"}
			}
		},
		{
			"from": [11.25, 1, 6.5],
			"to": [11.75, 9.75, 16],
			"faces": {
				"north": {"uv": [0, 0, 2, 8.75], "texture": "#0"},
				"east": {"uv": [0, 0, 9.5, 8.75], "texture": "#0"},
				"south": {"uv": [0, 0, 5, 16], "texture": "#0"},
				"west": {"uv": [0, 0, 9.5, 8.75], "texture": "#0"},
				"up": {"uv": [0, 0, 4.5, 16], "texture": "#0"},
				"down": {"uv": [0, 0, 2, 9.5], "texture": "#0"}
			}
		},
		{
			"from": [14, -1.5, 11.5],
			"to": [15, -0.5, 15.5],
			"faces": {
				"north": {"uv": [0, 0, 1, 1], "texture": "#11"},
				"east": {"uv": [0, 0, 4, 1], "texture": "#11"},
				"south": {"uv": [0, 0, 1, 1], "texture": "#11"},
				"west": {"uv": [0, 0, 4, 1], "texture": "#11"},
				"up": {"uv": [0, 0, 1, 4], "texture": "#11"},
				"down": {"uv": [0, 0, 1, 4], "texture": "#11"}
			}
		},
		{
			"from": [1, -1.5, 11.5],
			"to": [2, -0.5, 15.5],
			"faces": {
				"north": {"uv": [0, 0, 1, 1], "texture": "#11"},
				"east": {"uv": [0, 0, 4, 1], "texture": "#11"},
				"south": {"uv": [0, 0, 1, 1], "texture": "#11"},
				"west": {"uv": [0, 0, 4, 1], "texture": "#11"},
				"up": {"uv": [0, 0, 1, 4], "texture": "#11"},
				"down": {"uv": [0, 0, 1, 4], "texture": "#11"}
			}
		},
		{
			"from": [14, -3.5, 15],
			"to": [15, -0.5, 16],
			"faces": {
				"north": {"uv": [0, 0, 1, 3], "texture": "#11"},
				"east": {"uv": [0, 0, 1, 3], "texture": "#11"},
				"south": {"uv": [0, 0, 1, 3], "texture": "#11"},
				"west": {"uv": [0, 0, 1, 3], "texture": "#11"},
				"up": {"uv": [0, 0, 1, 1], "texture": "#11"},
				"down": {"uv": [0, 0, 1, 1], "texture": "#11"}
			}
		},
		{
			"from": [1, -3.5, 15],
			"to": [2, -0.5, 16],
			"faces": {
				"north": {"uv": [0, 0, 1, 3], "texture": "#11"},
				"east": {"uv": [0, 0, 1, 3], "texture": "#11"},
				"south": {"uv": [0, 0, 1, 3], "texture": "#11"},
				"west": {"uv": [0, 0, 1, 3], "texture": "#11"},
				"up": {"uv": [0, 0, 1, 1], "texture": "#11"},
				"down": {"uv": [0, 0, 1, 1], "texture": "#11"}
			}
		}
	],
	"display": {
		"thirdperson_righthand": {
			"rotation": [75, 45, 0],
			"translation": [0, 2.5, 0],
			"scale": [0.375, 0.375, 0.375]
		},
		"thirdperson_lefthand": {
			"rotation": [75, 45, 0],
			"translation": [0, 2.5, 0],
			"scale": [0.375, 0.375, 0.375]
		},
		"firstperson_righthand": {
			"rotation": [0, 112.75, 0],
			"translation": [0, 3.75, 0],
			"scale": [0.4, 0.4, 0.4]
		},
		"firstperson_lefthand": {
			"rotation": [0, -240.75, 0],
			"translation": [0, 3.75, 0],
			"scale": [0.4, 0.4, 0.4]
		},
		"ground": {
			"translation": [0, 3, 0],
			"scale": [0.25, 0.25, 0.25]
		},
		"gui": {
			"rotation": [0, -180, 0],
			"translation": [0, 2, 0]
		},
		"fixed": {
			"translation": [0, 8, -14.5],
			"scale": [2, 2, 2]
		}
	},
	"groups": [0,
		{
			"name": "group",
			"origin": [0, 0, 0],
			"children": [1, 2, 3, 4]
		},
		{
			"name": "group",
			"origin": [0, 0, 0],
			"children": [5, 6, 7, 8]
		},
		{
			"name": "group",
			"origin": [0, 0, 0],
			"children": [9, 10, 11, 12]
		},
		{
			"name": "group",
			"origin": [0, 0, 0],
			"children": [13, 14, 15, 16]
		},
		{
			"name": "group",
			"origin": [0, 0, 0],
			"children": [17, 18, 19, 20]
		},
		{
			"name": "group",
			"origin": [0, 0, 0],
			"children": [
				{
					"name": "group",
					"origin": [0, 0, 0],
					"children": [21, 22, 23, 24]
				},
				{
					"name": "group",
					"origin": [0, 0, 0],
					"children": [25, 26, 27, 28]
				}
			]
		},
		{
			"name": "group",
			"origin": [0, 0, 0],
			"children": [29, 30, 31, 32]
		},
		{
			"name": "group",
			"origin": [0, 0, 0],
			"children": [33, 34, 35, 36]
		},
		{
			"name": "group",
			"origin": [0, 0, 0],
			"children": [37, 38, 39, 40]
		}
	]
}