{
	"credit": "Made with Blockbench",
	"textures": {
		"0": "block/book",
		"1": "block/oak_planks",
		"2": "block/book1",
		"3": "block/book2",
		"9": "block/book8",
		"11": "block/iron_block",
		"particle": "block/book"
	},
	"elements": [
		{
			"from": [0, -0.5, 6],
			"to": [16, 1, 16],
			"faces": {
				"north": {"uv": [0, 0, 16, 1.5], "texture": "#1"},
				"east": {"uv": [0, 0, 10, 1.5], "texture": "#1"},
				"south": {"uv": [0, 0, 16, 1.5], "texture": "#1"},
				"west": {"uv": [0, 0, 10, 1.5], "texture": "#1"},
				"up": {"uv": [0, 0, 16, 10], "texture": "#1"},
				"down": {"uv": [0, 0, 16, 10], "texture": "#1"}
			}
		},
		{
			"from": [2.25, 3, 6.5],
			"to": [12.5, 6, 6.75],
			"faces": {
				"north": {"uv": [0, 0, 3, 12.5], "rotation": 90, "texture": "#2"},
				"east": {"uv": [0, 0, 2.5, 10.25], "rotation": 270, "texture": "#2"},
				"south": {"uv": [0, 0, 2.5, 10.25], "rotation": 270, "texture": "#2"},
				"west": {"uv": [9, 5, 16, 6], "rotation": 270, "texture": "#2"},
				"up": {"uv": [5, 0, 8, 12], "rotation": 270, "texture": "#2"},
				"down": {"uv": [2, 0, 2.25, 12.5], "rotation": 270, "texture": "#2"}
			}
		},
		{
			"from": [2.25, 3, 6.75],
			"to": [12.5, 3.25, 15.5],
			"faces": {
				"north": {"uv": [0, 0, 0.25, 10.25], "rotation": 90, "texture": "#2"},
				"east": {"uv": [8, 6, 10, 9], "rotation": 270, "texture": "#2"},
				"south": {"uv": [0, 0, 0.25, 10.25], "rotation": 270, "texture": "#2"},
				"west": {"uv": [6, 7, 13, 8], "rotation": 270, "texture": "#2"},
				"up": {"uv": [0, 0, 8.75, 10.25], "rotation": 270, "texture": "#2"},
				"down": {"uv": [2, 0, 13.5, 12.5], "rotation": 270, "texture": "#2"}
			}
		},
		{
			"from": [2.25, 5.75, 6.75],
			"to": [12.5, 6, 15.5],
			"faces": {
				"north": {"uv": [0, 0, 0.25, 10.25], "rotation": 90, "texture": "#2"},
				"east": {"uv": [9, 13, 10, 16], "rotation": 270, "texture": "#2"},
				"south": {"uv": [0, 0, 0.25, 10.25], "rotation": 270, "texture": "#2"},
				"west": {"uv": [7, 0, 15, 1], "rotation": 270, "texture": "#2"},
				"up": {"uv": [4, 0, 12.75, 12.5], "rotation": 270, "texture": "#2"},
				"down": {"uv": [0, 0, 8.75, 10.25], "rotation": 270, "texture": "#2"}
			}
		},
		{
			"from": [2.5, 3.25, 6.75],
			"to": [12.5, 5.75, 15.5],
			"faces": {
				"north": {"uv": [0, 0, 2, 10], "rotation": 90, "texture": "#0"},
				"east": {"uv": [0, 0, 5, 9], "rotation": 270, "texture": "#0"},
				"south": {"uv": [0, 0, 5, 16], "rotation": 270, "texture": "#0"},
				"west": {"uv": [0, 0, 5, 16], "rotation": 270, "texture": "#0"},
				"up": {"uv": [0, 0, 8.75, 10], "rotation": 270, "texture": "#0"},
				"down": {"uv": [0, 0, 8.75, 10], "rotation": 270, "texture": "#0"}
			}
		},
		{
			"from": [1.45711, 6, 14.98654],
			"to": [12.70711, 8, 15.23654],
			"rotation": {"angle": 0, "axis": "y", "origin": [11, 4, 12]},
			"faces": {
				"north": {"uv": [0, 0, 1.5, 11.25], "rotation": 270, "texture": "#3"},
				"east": {"uv": [0, 0, 0.25, 1.5], "texture": "#3"},
				"south": {"uv": [0, 0, 3, 15], "rotation": 90, "texture": "#3"},
				"west": {"uv": [0, 0, 0.25, 1.5], "rotation": 180, "texture": "#3"},
				"up": {"uv": [0, 0, 0.25, 11.25], "rotation": 90, "texture": "#3"},
				"down": {"uv": [0, 0, 0.25, 11.25], "rotation": 90, "texture": "#3"}
			}
		},
		{
			"from": [1.45711, 6, 5.98654],
			"to": [12.70711, 6.25, 14.98654],
			"rotation": {"angle": 0, "axis": "y", "origin": [11, 4, 12]},
			"faces": {
				"north": {"uv": [0, 0, 0.25, 11.25], "rotation": 270, "texture": "#3"},
				"east": {"uv": [0, 0, 0.25, 9], "rotation": 270, "texture": "#3"},
				"south": {"uv": [0, 0, 0.25, 11.25], "rotation": 90, "texture": "#3"},
				"west": {"uv": [0, 0, 0.25, 9], "rotation": 270, "texture": "#3"},
				"up": {"uv": [0, 0, 9, 11.25], "rotation": 90, "texture": "#3"},
				"down": {"uv": [0, 0, 9, 11.25], "rotation": 90, "texture": "#3"}
			}
		},
		{
			"from": [1.45711, 7.75, 5.98654],
			"to": [12.70711, 8, 14.98654],
			"rotation": {"angle": 0, "axis": "y", "origin": [11, 4, 12]},
			"faces": {
				"north": {"uv": [0, 0, 0.25, 11.25], "rotation": 270, "texture": "#3"},
				"east": {"uv": [0, 0, 0.25, 9], "rotation": 270, "texture": "#3"},
				"south": {"uv": [0, 0, 0.25, 11.25], "rotation": 90, "texture": "#3"},
				"west": {"uv": [0, 0, 0.25, 9], "rotation": 270, "texture": "#3"},
				"up": {"uv": [6, 0, 15, 11.25], "rotation": 90, "texture": "#3"},
				"down": {"uv": [0, 0, 9, 11.25], "rotation": 90, "texture": "#3"}
			}
		},
		{
			"from": [1.45711, 6.25, 5.98654],
			"to": [12.45711, 7.75, 14.98654],
			"rotation": {"angle": 0, "axis": "y", "origin": [11, 4, 12]},
			"faces": {
				"north": {"uv": [0, 0, 3.5, 16], "rotation": 270, "texture": "#0"},
				"east": {"uv": [0, 0, 3.5, 16], "rotation": 270, "texture": "#0"},
				"south": {"uv": [0, 0, 1, 11], "rotation": 90, "texture": "#0"},
				"west": {"uv": [0, 0, 3.5, 10.5], "rotation": 270, "texture": "#0"},
				"up": {"uv": [0, 0, 9, 11], "rotation": 90, "texture": "#0"},
				"down": {"uv": [0, 0, 9, 11], "rotation": 90, "texture": "#0"}
			}
		},
		{
			"from": [5, 1, 1.5],
			"to": [16, 3, 1.75],
			"rotation": {"angle": -22.5, "axis": "y", "origin": [0, 0, 0]},
			"faces": {
				"north": {"uv": [0, 0, 3, 11], "rotation": 90, "texture": "#9"},
				"east": {"uv": [0, 0, 0.25, 1.5], "rotation": 180, "texture": "#9"},
				"south": {"uv": [0, 0, 1.5, 11], "rotation": 270, "texture": "#9"},
				"west": {"uv": [0, 0, 0.25, 1.5], "texture": "#9"},
				"up": {"uv": [0, 0, 0.25, 11], "rotation": 270, "texture": "#9"},
				"down": {"uv": [0, 0, 0.25, 11], "rotation": 270, "texture": "#9"}
			}
		},
		{
			"from": [5, 1, 1.75],
			"to": [16, 1.25, 10.5],
			"rotation": {"angle": -22.5, "axis": "y", "origin": [0, 0, 0]},
			"faces": {
				"north": {"uv": [0, 0, 0.25, 11], "rotation": 90, "texture": "#9"},
				"east": {"uv": [0, 0, 0.25, 8.75], "rotation": 270, "texture": "#9"},
				"south": {"uv": [0, 0, 0.25, 11], "rotation": 270, "texture": "#9"},
				"west": {"uv": [13, 1, 13.25, 9.75], "rotation": 270, "texture": "#9"},
				"up": {"uv": [8, 0, 16, 11], "rotation": 270, "texture": "#9"},
				"down": {"uv": [0, 0, 8.75, 11], "rotation": 270, "texture": "#9"}
			}
		},
		{
			"from": [5, 2.75, 1.75],
			"to": [16, 3, 10.5],
			"rotation": {"angle": -22.5, "axis": "y", "origin": [0, 0, 0]},
			"faces": {
				"north": {"uv": [0, 0, 0.25, 11], "rotation": 90, "texture": "#9"},
				"east": {"uv": [0, 0, 0.25, 8.75], "rotation": 270, "texture": "#9"},
				"south": {"uv": [0, 0, 0.25, 11], "rotation": 270, "texture": "#9"},
				"west": {"uv": [13, 1, 13.25, 9.75], "rotation": 270, "texture": "#9"},
				"up": {"uv": [0, 0, 8, 11], "rotation": 270, "texture": "#9"},
				"down": {"uv": [0, 0, 8.75, 11], "rotation": 270, "texture": "#9"}
			}
		},
		{
			"from": [5.25, 1.25, 1.75],
			"to": [16, 2.75, 10.5],
			"rotation": {"angle": -22.5, "axis": "y", "origin": [0, 0, 0]},
			"faces": {
				"north": {"uv": [0, 0, 1, 10.75], "rotation": 90, "texture": "#0"},
				"east": {"uv": [0, 0, 3, 9], "rotation": 270, "texture": "#0"},
				"south": {"uv": [0, 0, 3, 16], "rotation": 270, "texture": "#0"},
				"west": {"uv": [0, 0, 3, 16], "rotation": 270, "texture": "#0"},
				"up": {"uv": [0, 0, 8.75, 10.75], "rotation": 270, "texture": "#0"},
				"down": {"uv": [0, 0, 8.75, 10.75], "rotation": 270, "texture": "#0"}
			}
		},
		{
			"from": [1, -3.5, 15],
			"to": [2, -0.5, 16],
			"faces": {
				"north": {"uv": [0, 0, 1, 3], "texture": "#11"},
				"east": {"uv": [0, 0, 1, 3], "texture": "#11"},
				"south": {"uv": [0, 0, 1, 3], "texture": "#11"},
				"west": {"uv": [0, 0, 1, 3], "texture": "#11"},
				"up": {"uv": [0, 0, 1, 1], "texture": "#11"},
				"down": {"uv": [0, 0, 1, 1], "texture": "#11"}
			}
		},
		{
			"from": [1, -1.5, 9.5],
			"to": [2, -0.5, 15.5],
			"faces": {
				"north": {"uv": [0, 0, 1, 1], "texture": "#11"},
				"east": {"uv": [0, 0, 6, 1], "texture": "#11"},
				"south": {"uv": [0, 0, 1, 1], "texture": "#11"},
				"west": {"uv": [0, 0, 6, 1], "texture": "#11"},
				"up": {"uv": [0, 0, 1, 6], "texture": "#11"},
				"down": {"uv": [0, 0, 1, 6], "texture": "#11"}
			}
		},
		{
			"from": [14, -3.5, 15],
			"to": [15, -0.5, 16],
			"faces": {
				"north": {"uv": [0, 0, 1, 3], "texture": "#11"},
				"east": {"uv": [0, 0, 1, 3], "texture": "#11"},
				"south": {"uv": [0, 0, 1, 3], "texture": "#11"},
				"west": {"uv": [0, 0, 1, 3], "texture": "#11"},
				"up": {"uv": [0, 0, 1, 1], "texture": "#11"},
				"down": {"uv": [0, 0, 1, 1], "texture": "#11"}
			}
		},
		{
			"from": [14, -1.5, 9.5],
			"to": [15, -0.5, 15.5],
			"faces": {
				"north": {"uv": [0, 0, 1, 1], "texture": "#11"},
				"east": {"uv": [0, 0, 6, 1], "texture": "#11"},
				"south": {"uv": [0, 0, 1, 1], "texture": "#11"},
				"west": {"uv": [0, 0, 6, 1], "texture": "#11"},
				"up": {"uv": [0, 0, 1, 6], "texture": "#11"},
				"down": {"uv": [0, 0, 1, 6], "texture": "#11"}
			}
		}
	],
	"display": {
		"thirdperson_righthand": {
			"rotation": [75, 45, 0],
			"translation": [0, 2.5, 0],
			"scale": [0.375, 0.375, 0.375]
		},
		"thirdperson_lefthand": {
			"rotation": [75, 45, 0],
			"translation": [0, 2.5, 0],
			"scale": [0.375, 0.375, 0.375]
		},
		"firstperson_righthand": {
			"rotation": [0, 45, 0],
			"scale": [0.4, 0.4, 0.4]
		},
		"firstperson_lefthand": {
			"rotation": [0, -235.75, 0],
			"translation": [0, 4.75, 0],
			"scale": [0.4, 0.4, 0.4]
		},
		"ground": {
			"translation": [0, 3, 0],
			"scale": [0.25, 0.25, 0.25]
		},
		"gui": {
			"rotation": [0, -180, 0],
			"translation": [0, 5.5, 0]
		},
		"fixed": {
			"translation": [0, 8, -14.5],
			"scale": [2, 2, 2]
		}
	},
	"groups": [0,
		{
			"name": "group",
			"origin": [0, 0, 0],
			"children": [1, 2, 3, 4]
		},
		{
			"name": "group",
			"origin": [0, 0, 0],
			"children": [5, 6, 7, 8,
				{
					"name": "group",
					"origin": [0, 0, 0],
					"children": []
				}
			]
		},
		{
			"name": "group",
			"origin": [0, 0, 0],
			"children": [9, 10, 11, 12]
		},
		{
			"name": "group",
			"origin": [0, 0, 0],
			"children": [13, 14]
		},
		{
			"name": "group",
			"origin": [0, 0, 0],
			"children": [15, 16]
		}
	]
}