{
	"credit": "Made with Blockbench",
	"textures": {
		"0": "block/stripped_dark_oak_log",
		"1": "block/stripped_birch_log",
		"particle": "block/stripped_birch_log"
	},
	"elements": [
		{
			"from": [5.33334, -5.33333, 0.00001],
			"to": [6.91667, 10.66666, 15.99999],
			"rotation": {"angle": 0, "axis": "y", "origin": [5.33334, 0, 5.33334]},
			"faces": {
				"north": {"uv": [0, 0, 1.58333, 15.99998], "texture": "#0"},
				"east": {"uv": [0, 0, 16, 16], "texture": "#0"},
				"south": {"uv": [0, 0, 1.58333, 15.99998], "texture": "#0"},
				"west": {"uv": [0, 0, 16, 16], "texture": "#1"},
				"up": {"uv": [0, 0, 1.58333, 15.99998], "texture": "#0"},
				"down": {"uv": [0, 0, 1.58333, 15.99998], "texture": "#0"}
			}
		},
		{
			"from": [5, 9.66666, 0.00001],
			"to": [5.33334, 10.66666, 15.99999],
			"rotation": {"angle": 0, "axis": "y", "origin": [5.33334, 0, 5.33334]},
			"faces": {
				"north": {"uv": [0, 0, 1, 3], "texture": "#0"},
				"east": {"uv": [0, 0, 16, 3], "texture": "#0"},
				"south": {"uv": [0, 0, 1, 3], "texture": "#0"},
				"west": {"uv": [0, 0, 15.99998, 1], "texture": "#0"},
				"up": {"uv": [0, 0, 1, 16], "texture": "#0"},
				"down": {"uv": [0, 0, 1, 16], "texture": "#0"}
			}
		},
		{
			"from": [5, -5.33333, 0.00001],
			"to": [5.33334, -4.33333, 15.99999],
			"rotation": {"angle": 0, "axis": "y", "origin": [5.33334, 0, 5.33334]},
			"faces": {
				"north": {"uv": [0, 0, 1, 3], "texture": "#0"},
				"east": {"uv": [0, 0, 16, 3], "texture": "#0"},
				"south": {"uv": [0, 0, 1, 3], "texture": "#0"},
				"west": {"uv": [0, 0, 15.99998, 1], "texture": "#0"},
				"up": {"uv": [0, 0, 1, 16], "texture": "#0"},
				"down": {"uv": [0, 0, 1, 16], "texture": "#0"}
			}
		},
		{
			"from": [5, -4.33333, 0.00001],
			"to": [5.33334, 9.66666, 1.00001],
			"rotation": {"angle": 0, "axis": "y", "origin": [5.33334, 0, 5.33334]},
			"faces": {
				"north": {"uv": [0, 0, 1, 16], "texture": "#0"},
				"east": {"uv": [0, 0, 3, 16], "texture": "#0"},
				"south": {"uv": [0, 0, 1, 16], "texture": "#0"},
				"west": {"uv": [13, 2, 14, 15.99999], "texture": "#0"},
				"up": {"uv": [0, 0, 1, 3], "texture": "#0"},
				"down": {"uv": [0, 0, 1, 3], "texture": "#0"}
			}
		},
		{
			"from": [5, -4.33333, 14.99999],
			"to": [5.33334, 9.66666, 15.99999],
			"rotation": {"angle": 0, "axis": "y", "origin": [5.33334, 0, 5.33334]},
			"faces": {
				"north": {"uv": [0, 0, 1, 16], "texture": "#0"},
				"east": {"uv": [0, 0, 3, 16], "texture": "#0"},
				"south": {"uv": [0, 0, 1, 16], "texture": "#0"},
				"west": {"uv": [4, 0, 5, 13.99999], "texture": "#0"},
				"up": {"uv": [0, 0, 1, 3], "texture": "#0"},
				"down": {"uv": [0, 0, 1, 3], "texture": "#0"}
			}
		},
		{
			"from": [5, -3.75, 1.58334],
			"to": [5.33334, 9.08332, 14.41666],
			"rotation": {"angle": 0, "axis": "y", "origin": [5.33334, 0, 5.33334]},
			"faces": {
				"north": {"uv": [0, 0, 1, 16], "texture": "#0"},
				"east": {"uv": [0, 0, 16, 16], "texture": "#0"},
				"south": {"uv": [0, 0, 1, 16], "texture": "#0"},
				"west": {"uv": [0, 0, 16, 16], "texture": "#0"},
				"up": {"uv": [0, 0, 1, 16], "texture": "#0"},
				"down": {"uv": [0, 0, 1, 16], "texture": "#0"}
			}
		}
	],
	"display": {
		"thirdperson_righthand": {
			"rotation": [75, 45, 0],
			"translation": [0, 2.5, 0],
			"scale": [0.375, 0.375, 0.375]
		},
		"thirdperson_lefthand": {
			"rotation": [75, 45, 0],
			"translation": [0, 1.25, 2.5],
			"scale": [0.375, 0.375, 0.375]
		},
		"firstperson_righthand": {
			"rotation": [0, 45, 0],
			"translation": [0, 4.75, 0],
			"scale": [0.4, 0.4, 0.4]
		},
		"firstperson_lefthand": {
			"rotation": [0, 225, 0],
			"translation": [0, 5, 0],
			"scale": [0.4, 0.4, 0.4]
		},
		"ground": {
			"translation": [0, 3, 0],
			"scale": [0.25, 0.25, 0.25]
		},
		"gui": {
			"rotation": [0, 90, 0],
			"translation": [0, 5.5, 0],
			"scale": [1, 0.9, 0.9]
		},
		"fixed": {
			"rotation": [0, -90, 0],
			"translation": [0, 10.69, 6.25],
			"scale": [1.99, 1.99, 1.99]
		}
	}
}