{
	"credit": "Made with Blockbench",
	"texture_size": [32, 32],
	"textures": {
		"0": "block/pntng4",
		"1": "block/pic frame2",
		"particle": "block/pntng4"
	},
	"elements": [
		{
			"from": [0, 0, 0],
			"to": [1, 16, 16],
			"faces": {
				"north": {"uv": [0, 0, 0.5, 8], "texture": "#missing"},
				"east": {"uv": [0, 0, 8, 8], "texture": "#1"},
				"south": {"uv": [0, 0, 0.5, 8], "texture": "#missing"},
				"west": {"uv": [0, 0, 16, 16], "texture": "#0"},
				"up": {"uv": [0, 0, 0.5, 8], "texture": "#missing"},
				"down": {"uv": [0, 0, 0.5, 8], "texture": "#missing"}
			}
		},
		{
			"from": [-1, 16, -2],
			"to": [2, 18, 18],
			"faces": {
				"north": {"uv": [0, 0, 0.5, 8], "texture": "#1"},
				"east": {"uv": [0, 0, 8, 8], "texture": "#1"},
				"south": {"uv": [0, 0, 0.5, 8], "texture": "#1"},
				"west": {"uv": [0, 0, 16, 16], "texture": "#1"},
				"up": {"uv": [0, 0, 0.5, 8], "texture": "#1"},
				"down": {"uv": [0, 0, 0.5, 8], "texture": "#1"}
			}
		},
		{
			"from": [-1, -2, -2],
			"to": [2, 0, 18],
			"faces": {
				"north": {"uv": [0, 0, 0.5, 8], "texture": "#1"},
				"east": {"uv": [0, 0, 8, 8], "texture": "#1"},
				"south": {"uv": [0, 0, 0.5, 8], "texture": "#1"},
				"west": {"uv": [0, 0, 16, 16], "texture": "#1"},
				"up": {"uv": [0, 0, 0.5, 8], "texture": "#1"},
				"down": {"uv": [0, 0, 0.5, 8], "texture": "#1"}
			}
		},
		{
			"from": [-1, 0, 16],
			"to": [2, 16, 18],
			"faces": {
				"north": {"uv": [0, 0, 0.5, 8], "texture": "#1"},
				"east": {"uv": [0, 0, 8, 8], "texture": "#1"},
				"south": {"uv": [0, 0, 0.5, 8], "texture": "#1"},
				"west": {"uv": [0, 0, 16, 16], "texture": "#1"},
				"up": {"uv": [0, 0, 0.5, 8], "texture": "#1"},
				"down": {"uv": [0, 0, 0.5, 8], "texture": "#1"}
			}
		},
		{
			"from": [-1, 0, -2],
			"to": [2, 16, 0],
			"faces": {
				"north": {"uv": [0, 0, 0.5, 8], "texture": "#1"},
				"east": {"uv": [0, 0, 8, 8], "texture": "#1"},
				"south": {"uv": [0, 0, 0.5, 8], "texture": "#1"},
				"west": {"uv": [0, 0, 16, 16], "texture": "#1"},
				"up": {"uv": [0, 0, 0.5, 8], "texture": "#1"},
				"down": {"uv": [0, 0, 0.5, 8], "texture": "#1"}
			}
		}
	],
	"display": {
		"thirdperson_righthand": {
			"rotation": [75, 12.5, 0],
			"translation": [0, 2.5, 0],
			"scale": [0.375, 0.375, 0.375]
		},
		"thirdperson_lefthand": {
			"rotation": [75, 45, 0],
			"translation": [0, -2.25, 0],
			"scale": [0.375, 0.375, 0.375]
		},
		"firstperson_righthand": {
			"rotation": [0, 45, 0],
			"translation": [0, 4.25, 0],
			"scale": [0.4, 0.4, 0.4]
		},
		"firstperson_lefthand": {
			"rotation": [0, 225, 0],
			"translation": [0, 4.75, 0],
			"scale": [0.4, 0.4, 0.4]
		},
		"ground": {
			"translation": [0, 3, 0],
			"scale": [0.25, 0.25, 0.25]
		},
		"gui": {
			"rotation": [0, 90, 0],
			"scale": [0.7, 0.7, 0.7]
		},
		"fixed": {
			"rotation": [0, -90, 0],
			"translation": [0, 0.25, 12.5],
			"scale": [1.45, 1.45, 1.45]
		}
	}
}