{
	"credit": "Made with Blockbench",
	"texture_size": [32, 32],
	"textures": {
		"1": "block/picframe",
		"2": "block/pntng1",
		"particle": "block/Illustration18"
	},
	"elements": [
		{
			"from": [0.72, -1.56, 3.84],
			"to": [17.36, 15.08, 4.36],
			"rotation": {"angle": 0, "axis": "y", "origin": [3.84, 0, 3.84]},
			"faces": {
				"north": {"uv": [0, 0, 16, 16], "texture": "#2"},
				"east": {"uv": [0, 0, 0.5, 16], "texture": "#missing"},
				"south": {"uv": [0, 0, 16, 16], "texture": "#1"},
				"west": {"uv": [0, 0, 0.5, 16], "texture": "#missing"},
				"up": {"uv": [0, 0, 16, 0.5], "texture": "#missing"},
				"down": {"uv": [0, 0, 16, 0.5], "texture": "#missing"}
			}
		},
		{
			"from": [17.36, -1.56, 2.8],
			"to": [18.4, 15.08, 4.88],
			"rotation": {"angle": 0, "axis": "y", "origin": [3.84, 0, 3.84]},
			"faces": {
				"north": {"uv": [0, 0, 1, 16], "texture": "#1"},
				"east": {"uv": [0, 0, 2, 16], "texture": "#1"},
				"south": {"uv": [0, 0, 1, 16], "texture": "#1"},
				"west": {"uv": [0, 0, 2, 16], "texture": "#1"},
				"up": {"uv": [0, 0, 1, 2], "texture": "#1"},
				"down": {"uv": [0, 0, 1, 2], "texture": "#1"}
			}
		},
		{
			"from": [-0.32, -1.56, 2.8],
			"to": [0.72, 15.08, 4.88],
			"rotation": {"angle": 0, "axis": "y", "origin": [3.84, 0, 3.84]},
			"faces": {
				"north": {"uv": [0, 0, 1, 16], "texture": "#1"},
				"east": {"uv": [0, 0, 2, 16], "texture": "#1"},
				"south": {"uv": [0, 0, 1, 16], "texture": "#1"},
				"west": {"uv": [0, 0, 2, 16], "texture": "#1"},
				"up": {"uv": [0, 0, 1, 2], "texture": "#1"},
				"down": {"uv": [0, 0, 1, 2], "texture": "#1"}
			}
		},
		{
			"from": [-0.32, 15.08, 2.8],
			"to": [18.4, 16.12, 4.88],
			"rotation": {"angle": 0, "axis": "y", "origin": [3.84, 0, 3.84]},
			"faces": {
				"north": {"uv": [0, 0, 16, 1], "texture": "#1"},
				"east": {"uv": [0, 0, 2, 1], "texture": "#1"},
				"south": {"uv": [0, 0, 16, 1], "texture": "#1"},
				"west": {"uv": [0, 0, 2, 1], "texture": "#1"},
				"up": {"uv": [0, 0, 16, 2], "texture": "#1"},
				"down": {"uv": [0, 0, 16, 2], "texture": "#1"}
			}
		},
		{
			"from": [-0.32, -2.6, 2.8],
			"to": [18.4, -1.56, 4.88],
			"rotation": {"angle": 0, "axis": "y", "origin": [3.84, 0, 3.84]},
			"faces": {
				"north": {"uv": [0, 0, 16, 1], "texture": "#1"},
				"east": {"uv": [0, 0, 2, 1], "texture": "#1"},
				"south": {"uv": [0, 0, 16, 1], "texture": "#1"},
				"west": {"uv": [0, 0, 2, 1], "texture": "#1"},
				"up": {"uv": [0, 0, 16, 2], "texture": "#1"},
				"down": {"uv": [0, 0, 16, 2], "texture": "#1"}
			}
		}
	],
	"display": {
		"thirdperson_righthand": {
			"rotation": [75, 45, 0],
			"translation": [1, 0.75, 0],
			"scale": [0.375, 0.375, 0.375]
		},
		"thirdperson_lefthand": {
			"rotation": [75, 45, 0],
			"translation": [0, -0.25, 0],
			"scale": [0.375, 0.375, 0.375]
		},
		"firstperson_righthand": {
			"rotation": [0, 135.5, 0],
			"translation": [0, 3.25, 0],
			"scale": [0.4, 0.4, 0.4]
		},
		"firstperson_lefthand": {
			"rotation": [0, -207.5, 0],
			"translation": [0, 5, 0],
			"scale": [0.4, 0.4, 0.4]
		},
		"ground": {
			"translation": [0, 3, 0],
			"scale": [0.25, 0.25, 0.25]
		},
		"gui": {
			"rotation": [0, -180, 0],
			"translation": [0.75, 1, 0],
			"scale": [0.8, 0.8, 0.8]
		},
		"fixed": {
			"translation": [-1.5, 2, 7],
			"scale": [1.5, 1.5, 1.5]
		}
	}
}