{
	"credit": "Made with Blockbench",
	"texture_size": [32, 64],
	"textures": {
		"0": "block/pntng8",
		"2": "block/stripped_dark_oak_log",
		"particle": "block/pntng8"
	},
	"elements": [
		{
			"from": [0, -9, 0],
			"to": [1, 23, 16],
			"faces": {
				"north": {"uv": [0, 0, 0.5, 16], "texture": "#0"},
				"east": {"uv": [0, 0, 16, 16], "texture": "#0"},
				"south": {"uv": [0, 0, 0.5, 16], "texture": "#0"},
				"west": {"uv": [0, 4.75, 3, 10.25], "texture": "#0"},
				"up": {"uv": [0, 0, 0.5, 8], "texture": "#0"},
				"down": {"uv": [0, 0, 0.5, 8], "texture": "#0"}
			}
		},
		{
			"from": [-1, -9, -2],
			"to": [2, 23, 0],
			"faces": {
				"north": {"uv": [0, 0, 1.5, 8], "texture": "#2"},
				"east": {"uv": [5, 2, 6, 10], "texture": "#2"},
				"south": {"uv": [0, 0, 1.5, 8], "texture": "#2"},
				"west": {"uv": [0, 0, 1, 8], "texture": "#2"},
				"up": {"uv": [0, 0, 1.5, 0.5], "texture": "#2"},
				"down": {"uv": [0, 0, 1.5, 0.5], "texture": "#2"}
			}
		},
		{
			"from": [-1, -9, 16],
			"to": [2, 23, 18],
			"faces": {
				"north": {"uv": [0, 0, 1.5, 8], "texture": "#2"},
				"east": {"uv": [7, 0.5, 8, 14.5], "texture": "#2"},
				"south": {"uv": [13, 0, 14, 4.5], "texture": "#2"},
				"west": {"uv": [0, 0, 1, 8], "texture": "#2"},
				"up": {"uv": [0, 0, 1.5, 0.5], "texture": "#2"},
				"down": {"uv": [0, 0, 1.5, 0.5], "texture": "#2"}
			}
		},
		{
			"from": [-1, -11, -2],
			"to": [2, -9, 18],
			"faces": {
				"north": {"uv": [0, 0, 1.5, 0.5], "texture": "#2"},
				"east": {"uv": [0, 0, 10, 0.5], "texture": "#2"},
				"south": {"uv": [0, 0, 1.5, 0.5], "texture": "#2"},
				"west": {"uv": [0, 0, 10, 0.5], "texture": "#2"},
				"up": {"uv": [0, 0, 1.5, 5], "texture": "#2"},
				"down": {"uv": [0, 0, 1.5, 5], "texture": "#2"}
			}
		},
		{
			"from": [-1, 23, -2],
			"to": [2, 25, 18],
			"faces": {
				"north": {"uv": [3, 0.5, 5, 5.5], "texture": "#2"},
				"east": {"uv": [3, 2, 13, 2.5], "texture": "#2"},
				"south": {"uv": [0, 0, 1.5, 0.5], "texture": "#2"},
				"west": {"uv": [0, 0, 10, 0.5], "texture": "#2"},
				"up": {"uv": [0, 0, 1.5, 5], "texture": "#2"},
				"down": {"uv": [0, 0, 1.5, 5], "texture": "#2"}
			}
		}
	],
	"display": {
		"thirdperson_righthand": {
			"rotation": [75, 45, 0],
			"translation": [3.25, 2.5, 0],
			"scale": [0.375, 0.375, 0.375]
		},
		"thirdperson_lefthand": {
			"rotation": [75, -106.5, 0],
			"translation": [0, 4, 0],
			"scale": [0.375, 0.375, 0.375]
		},
		"firstperson_righthand": {
			"rotation": [0, -162.5, 0],
			"translation": [0, 7, 0],
			"scale": [0.4, 0.4, 0.4]
		},
		"firstperson_lefthand": {
			"rotation": [0, 34.25, 0],
			"translation": [0, 4.5, 0],
			"scale": [0.4, 0.4, 0.4]
		},
		"ground": {
			"translation": [0, 3, 0],
			"scale": [0.25, 0.25, 0.25]
		},
		"gui": {
			"rotation": [0, -90, 0],
			"translation": [0, 0.5, 0],
			"scale": [1, 0.45, 0.45]
		},
		"fixed": {
			"rotation": [0, 90, 0],
			"translation": [0, 19, -6],
			"scale": [1, 1.4, 1.4]
		}
	}
}