{
	"credit": "Made with Blockbench",
	"textures": {
		"0": "block/pntng6",
		"1": "block/pntng6.1tex",
		"2": "block/pntng6.1",
		"3": "block/pntng6tex",
		"particle": "block/pntng6"
	},
	"elements": [
		{
			"from": [0.59, 7, 3.25],
			"to": [1.09, 25, 19.25],
			"faces": {
				"north": {"uv": [0, 0, 1, 16], "texture": "#3"},
				"east": {"uv": [0, 0, 15, 16], "texture": "#2"},
				"south": {"uv": [0, 0, 1, 16], "texture": "#3"},
				"west": {"uv": [0, 0, 16, 16], "texture": "#3"},
				"up": {"uv": [0, 0, 1, 16], "texture": "#3"},
				"down": {"uv": [0, 0, 1, 16], "texture": "#3"}
			}
		},
		{
			"from": [0.5, -10, -10],
			"to": [1, 13, 5],
			"faces": {
				"north": {"uv": [0, 0, 1, 16], "texture": "#1"},
				"east": {"uv": [0, 0, 11.5, 16], "texture": "#0"},
				"south": {"uv": [0, 0, 1, 16], "texture": "#1"},
				"west": {"uv": [0, 0, 16, 16], "texture": "#1"},
				"up": {"uv": [0, 0, 1, 16], "texture": "#1"},
				"down": {"uv": [0, 0, 1, 16], "texture": "#1"}
			}
		},
		{
			"from": [0.59, 24.5, 9.25],
			"to": [1.34, 26, 14.25],
			"faces": {
				"north": {"uv": [0, 0, 0.75, 1.5], "texture": "#1"},
				"east": {"uv": [0, 0, 5, 1.5], "texture": "#1"},
				"south": {"uv": [0, 0, 0.75, 1.5], "texture": "#1"},
				"west": {"uv": [0, 0, 5, 1.5], "texture": "#1"},
				"up": {"uv": [0, 0, 0.75, 5], "texture": "#1"},
				"down": {"uv": [0, 0, 0.75, 5], "texture": "#1"}
			}
		}
	],
	"display": {
		"thirdperson_righthand": {
			"rotation": [75, 45, 0],
			"translation": [3.25, 2.5, 0],
			"scale": [0.375, 0.375, 0.375]
		},
		"thirdperson_lefthand": {
			"rotation": [75, -101.25, 0],
			"translation": [0, 3.25, 0],
			"scale": [0.375, 0.375, 0.375]
		},
		"firstperson_righthand": {
			"rotation": [0, -147.5, 0],
			"scale": [0.4, 0.4, 0.4]
		},
		"firstperson_lefthand": {
			"rotation": [0, 21.25, 0],
			"scale": [0.4, 0.4, 0.4]
		},
		"ground": {
			"translation": [0, 3, 0],
			"scale": [0.25, 0.25, 0.25]
		},
		"gui": {
			"rotation": [0, -90, 0],
			"translation": [-1.25, 0.25, 0],
			"scale": [0.76, 0.38, 0.38]
		},
		"fixed": {
			"rotation": [0, 90, 0],
			"translation": [2.25, 0.75, -4],
			"scale": [0.71, 0.7, 0.7]
		}
	}
}