{
	"credit": "Made with Blockbench",
	"texture_size": [32, 32],
	"textures": {
		"0": "block/pntng12",
		"1": "block/texture5",
		"particle": "block/pntng12"
	},
	"elements": [
		{
			"from": [-7, -5, 0],
			"to": [19, 27, 0.5],
			"rotation": {"angle": -22.5, "axis": "z", "origin": [0, 0, 0]},
			"faces": {
				"north": {"uv": [0, 0, 3, 2.5], "texture": "#0"},
				"east": {"uv": [0, 0, 0.5, 12], "texture": "#0"},
				"south": {"uv": [0, 0, 13, 16], "texture": "#0"},
				"west": {"uv": [0, 0, 0.5, 12], "texture": "#0"},
				"up": {"uv": [0, 0, 8, 0.5], "texture": "#0"},
				"down": {"uv": [0, 0, 8, 0.5], "texture": "#0"}
			}
		},
		{
			"from": [-0.5, 25, 0],
			"to": [11.5, 27, 0.75],
			"faces": {
				"north": {"uv": [0, 0, 6, 1], "texture": "#1"},
				"east": {"uv": [0, 0, 0.375, 1], "texture": "#1"},
				"south": {"uv": [0, 0, 6, 1], "texture": "#1"},
				"west": {"uv": [0, 0, 0.375, 1], "texture": "#1"},
				"up": {"uv": [0, 0, 6, 0.375], "texture": "#1"},
				"down": {"uv": [0, 0, 6, 0.375], "texture": "#1"}
			}
		}
	],
	"display": {
		"thirdperson_righthand": {
			"rotation": [75, 177.25, 0],
			"translation": [0, 2.5, 0],
			"scale": [0.375, 0.3, 0.3]
		},
		"thirdperson_lefthand": {
			"rotation": [75, -176, 0],
			"translation": [0, 2.5, 0],
			"scale": [0.3, 0.3, 0.3]
		},
		"firstperson_righthand": {
			"rotation": [0, -65, 0],
			"translation": [-4, 2.5, 0],
			"scale": [0.4, 0.4, 0.4]
		},
		"firstperson_lefthand": {
			"rotation": [0, -82.5, 0],
			"translation": [0, 3.5, 0],
			"scale": [0.4, 0.4, 0.4]
		},
		"ground": {
			"translation": [0, 3, 0],
			"scale": [0.25, 0.25, 0.25]
		},
		"gui": {
			"scale": [0.38, 0.38, 0.37]
		},
		"fixed": {
			"rotation": [0, -180, 0],
			"translation": [0, 2.75, -6.25],
			"scale": [0.5, 0.5, 0.95]
		}
	}
}