{
	"credit": "Made with Blockbench",
	"texture_size": [32, 32],
	"textures": {
		"0": "block/pntng7",
		"1": "block/pntng6.1tex",
		"2": "block/picframe",
		"3": "block/pntng7.1",
		"particle": "block/pntng7"
	},
	"elements": [
		{
			"from": [0, 0, 0],
			"to": [1, 19, 16],
			"rotation": {"angle": 22.5, "axis": "x", "origin": [0, 0, 0]},
			"faces": {
				"north": {"uv": [0, 0, 0.5, 16], "texture": "#0"},
				"east": {"uv": [0, 0, 14.5, 16], "texture": "#0"},
				"south": {"uv": [0, 0, 0.5, 16], "texture": "#0"},
				"west": {"uv": [0, 0, 8, 9.5], "texture": "#1"},
				"up": {"uv": [0, 0, 0.5, 0.5], "texture": "#0"},
				"down": {"uv": [0, 0, 0.5, 0.5], "texture": "#0"}
			}
		},
		{
			"from": [1, 15, 7],
			"to": [2, 16, 8],
			"faces": {
				"north": {"uv": [0, 0, 0.5, 0.5], "texture": "#2"},
				"east": {"uv": [0, 0, 0.5, 0.5], "texture": "#2"},
				"south": {"uv": [0, 0, 0.5, 0.5], "texture": "#2"},
				"west": {"uv": [0, 0, 0.5, 0.5], "texture": "#2"},
				"up": {"uv": [0, 0, 0.5, 0.5], "texture": "#2"},
				"down": {"uv": [0, 0, 0.5, 0.5], "texture": "#2"}
			}
		},
		{
			"from": [0.2, -6, -12],
			"to": [1.2, 11, 1],
			"faces": {
				"north": {"uv": [0, 0, 0.5, 8.5], "texture": "#3"},
				"east": {"uv": [0, 0, 12.5, 16], "texture": "#3"},
				"south": {"uv": [0, 0, 0.5, 8.5], "texture": "#3"},
				"west": {"uv": [1.5, 1.5, 3.5, 2.5], "texture": "#3"},
				"up": {"uv": [0, 0, 0.5, 6.5], "texture": "#3"},
				"down": {"uv": [0, 0, 0.5, 6.5], "texture": "#1"}
			}
		}
	],
	"display": {
		"thirdperson_righthand": {
			"rotation": [75, 45, 0],
			"translation": [3.25, 2.5, 0],
			"scale": [0.375, 0.375, 0.375]
		},
		"thirdperson_lefthand": {
			"rotation": [75, -94.25, 0],
			"translation": [0, 3, 0],
			"scale": [0.375, 0.375, 0.375]
		},
		"firstperson_righthand": {
			"rotation": [0, -175.25, 0],
			"translation": [0, 4.75, -4],
			"scale": [0.4, 0.4, 0.4]
		},
		"firstperson_lefthand": {
			"rotation": [0, 32, 0],
			"translation": [0, 4, 0],
			"scale": [0.4, 0.4, 0.4]
		},
		"ground": {
			"translation": [0, 3, 0],
			"scale": [0.25, 0.25, 0.25]
		},
		"gui": {
			"rotation": [0, -90, 0],
			"translation": [-1.25, 1.5, 0],
			"scale": [1, 0.45, 0.45]
		},
		"fixed": {
			"rotation": [0, 90, 0],
			"translation": [2.75, 5, -4.99999],
			"scale": [0.85, 0.85, 0.85]
		}
	}
}