{
	"credit": "Made with Blockbench",
	"texture_size": [32, 32],
	"textures": {
		"0": "block/pntng5",
		"1": "block/texture",
		"2": "block/texture5",
		"particle": "block/pntng5"
	},
	"elements": [
		{
			"from": [0, 0, 0],
			"to": [1, 16, 16],
			"faces": {
				"north": {"uv": [0, 0, 0.5, 10], "texture": "#1"},
				"east": {"uv": [0, 0, 8, 10], "texture": "#1"},
				"south": {"uv": [0, 0, 0.5, 10], "texture": "#1"},
				"west": {"uv": [0, 0, 16, 16], "texture": "#0"},
				"up": {"uv": [0, 0, 0.5, 8], "texture": "#missing"},
				"down": {"uv": [0, 0, 0.5, 8], "texture": "#1"}
			}
		},
		{
			"from": [0, 16, 0],
			"to": [1, 18, 16],
			"faces": {
				"north": {"uv": [0, 0, 0.5, 10], "texture": "#0"},
				"east": {"uv": [0, 0, 8, 0.5], "texture": "#0"},
				"south": {"uv": [0, 0, 0.5, 10], "texture": "#0"},
				"west": {"uv": [0, 0, 16, 0.5], "texture": "#0"},
				"up": {"uv": [0, 0, 0.5, 8], "texture": "#0"},
				"down": {"uv": [0, 0, 0.5, 8], "texture": "#0"}
			}
		},
		{
			"from": [-0.25, 15.76537, -2.90224],
			"to": [0, 17.76537, 3.09776],
			"rotation": {"angle": -22.5, "axis": "x", "origin": [0, 21, 0]},
			"faces": {
				"north": {"uv": [0, 0, 0.125, 1], "texture": "#2"},
				"east": {"uv": [0, 0, 3, 1], "texture": "#2"},
				"south": {"uv": [0, 0, 0.125, 1], "texture": "#2"},
				"west": {"uv": [0, 0, 3, 1], "texture": "#2"},
				"up": {"uv": [0, 0, 0.125, 3], "texture": "#2"},
				"down": {"uv": [0, 0, 0.125, 3], "texture": "#2"}
			}
		},
		{
			"from": [-0.25, 20.23463, 1.09776],
			"to": [0, 22.23463, 7.09776],
			"rotation": {"angle": 22.5, "axis": "x", "origin": [16, -5, 0]},
			"faces": {
				"north": {"uv": [0.125, 1, 0, 0], "texture": "#2"},
				"east": {"uv": [3, 1, 0, 0], "texture": "#2"},
				"south": {"uv": [0.125, 1, 0, 0], "texture": "#2"},
				"west": {"uv": [3, 1, 0, 0], "texture": "#2"},
				"up": {"uv": [0.125, 3, 0, 0], "texture": "#2"},
				"down": {"uv": [0.125, 3, 0, 0], "texture": "#2"}
			}
		}
	],
	"display": {
		"thirdperson_righthand": {
			"rotation": [75, -26.75, 0],
			"translation": [1, -1, 0],
			"scale": [0.375, 0.375, 0.375]
		},
		"thirdperson_lefthand": {
			"rotation": [75, 45, 0],
			"translation": [0, -2.25, 0],
			"scale": [0.375, 0.375, 0.375]
		},
		"firstperson_righthand": {
			"rotation": [0, 45, 0],
			"translation": [0, 4.25, 0],
			"scale": [0.4, 0.4, 0.4]
		},
		"firstperson_lefthand": {
			"rotation": [0, 225, 0],
			"translation": [0, 4.5, 0],
			"scale": [0.4, 0.4, 0.4]
		},
		"ground": {
			"translation": [0, 3, 0],
			"scale": [0.25, 0.25, 0.25]
		},
		"gui": {
			"rotation": [0, 90, 0],
			"translation": [0, -1.25, 0],
			"scale": [1, 0.8, 0.8]
		},
		"fixed": {
			"rotation": [0, -90, 0],
			"translation": [0, 0, 10.278],
			"scale": [1.16, 1.25, 1.25]
		}
	}
}