{
	"credit": "Made with Blockbench",
	"textures": {
		"0": "block/pntng10",
		"1": "block/pntng6tex",
		"particle": "block/pntng10"
	},
	"elements": [
		{
			"name": "hexadecagon",
			"from": [12.5, -1.5913, -8],
			"to": [13.5, 1.5913, 8],
			"rotation": {"angle": -45, "axis": "x", "origin": [12, 0, 0]},
			"faces": {
				"north": {"uv": [0, 0, 1, 1], "texture": "#0"},
				"east": {"uv": [0, 0, 1, 1], "texture": "#0"},
				"south": {"uv": [0, 0, 1, 1], "texture": "#0"},
				"west": {"uv": [0, 0, 1, 1], "texture": "#0"},
				"up": {"uv": [0, 0, 1, 1], "texture": "#0"},
				"down": {"uv": [0, 0, 1, 1], "texture": "#0"}
			}
		},
		{
			"name": "hexadecagon",
			"from": [12.5, -1.5913, -8],
			"to": [13.5, 1.5913, 8],
			"rotation": {"angle": -22.5, "axis": "x", "origin": [12, 0, 0]},
			"faces": {
				"north": {"uv": [0, 0, 1, 1], "texture": "#0"},
				"east": {"uv": [0, 0, 1, 1], "texture": "#0"},
				"south": {"uv": [0, 0, 1, 1], "texture": "#0"},
				"west": {"uv": [0, 0, 1, 1], "texture": "#0"},
				"up": {"uv": [0, 0, 1, 1], "texture": "#0"},
				"down": {"uv": [0, 0, 1, 1], "texture": "#0"}
			}
		},
		{
			"name": "hexadecagon",
			"from": [12.5, -1.5913, -8],
			"to": [13.5, 1.5913, 8],
			"rotation": {"angle": 0, "axis": "y", "origin": [12, 0, 0]},
			"faces": {
				"north": {"uv": [0, 0, 1, 1], "texture": "#0"},
				"east": {"uv": [0, 0, 1, 1], "texture": "#0"},
				"south": {"uv": [0, 0, 1, 1], "texture": "#0"},
				"west": {"uv": [0, 0, 1, 1], "texture": "#0"},
				"up": {"uv": [0, 0, 1, 1], "texture": "#0"},
				"down": {"uv": [0, 0, 1, 1], "texture": "#0"}
			}
		},
		{
			"name": "hexadecagon",
			"from": [12.5, -1.5913, -8],
			"to": [13.5, 1.5913, 8],
			"rotation": {"angle": 22.5, "axis": "x", "origin": [12, 0, 0]},
			"faces": {
				"north": {"uv": [0, 0, 1, 1], "texture": "#0"},
				"east": {"uv": [0, 0, 1, 1], "texture": "#0"},
				"south": {"uv": [0, 0, 1, 1], "texture": "#0"},
				"west": {"uv": [0, 0, 1, 1], "texture": "#0"},
				"up": {"uv": [0, 0, 1, 1], "texture": "#0"},
				"down": {"uv": [0, 0, 1, 1], "texture": "#0"}
			}
		},
		{
			"name": "hexadecagon",
			"from": [12.5, -1.5913, -8],
			"to": [13.5, 1.5913, 8],
			"rotation": {"angle": 45, "axis": "x", "origin": [12, 0, 0]},
			"faces": {
				"north": {"uv": [0, 0, 1, 1], "texture": "#0"},
				"east": {"uv": [0, 0, 1, 1], "texture": "#0"},
				"south": {"uv": [0, 0, 1, 1], "texture": "#0"},
				"west": {"uv": [0, 0, 1, 1], "texture": "#0"},
				"up": {"uv": [0, 0, 1, 1], "texture": "#0"},
				"down": {"uv": [0, 0, 1, 1], "texture": "#0"}
			}
		},
		{
			"name": "hexadecagon",
			"from": [12.5, -8, -1.5913],
			"to": [13.5, 8, 1.5913],
			"rotation": {"angle": -22.5, "axis": "x", "origin": [12, 0, 0]},
			"faces": {
				"north": {"uv": [0, 0, 1, 1], "texture": "#0"},
				"east": {"uv": [0, 0, 1, 1], "texture": "#0"},
				"south": {"uv": [0, 0, 1, 1], "texture": "#0"},
				"west": {"uv": [0, 0, 1, 1], "texture": "#0"},
				"up": {"uv": [0, 0, 1, 1], "texture": "#0"},
				"down": {"uv": [0, 0, 1, 1], "texture": "#0"}
			}
		},
		{
			"name": "hexadecagon",
			"from": [12.5, -8, -1.5913],
			"to": [13.5, 8, 1.5913],
			"rotation": {"angle": 0, "axis": "y", "origin": [12, 0, 0]},
			"faces": {
				"north": {"uv": [0, 0, 1, 1], "texture": "#0"},
				"east": {"uv": [0, 0, 1, 1], "texture": "#0"},
				"south": {"uv": [0, 0, 1, 1], "texture": "#0"},
				"west": {"uv": [0, 0, 1, 1], "texture": "#0"},
				"up": {"uv": [0, 0, 1, 1], "texture": "#0"},
				"down": {"uv": [0, 0, 1, 1], "texture": "#0"}
			}
		},
		{
			"name": "hexadecagon",
			"from": [12.5, -8, -1.5913],
			"to": [13.5, 8, 1.5913],
			"rotation": {"angle": 22.5, "axis": "x", "origin": [12, 0, 0]},
			"faces": {
				"north": {"uv": [0, 0, 1, 1], "texture": "#0"},
				"east": {"uv": [0, 0, 1, 1], "texture": "#0"},
				"south": {"uv": [0, 0, 1, 1], "texture": "#0"},
				"west": {"uv": [0, 0, 1, 1], "texture": "#0"},
				"up": {"uv": [0, 0, 1, 1], "texture": "#0"},
				"down": {"uv": [0, 0, 1, 1], "texture": "#0"}
			}
		},
		{
			"from": [12.41, -5.5, -5.5],
			"to": [12.41, 5.5, 5.5],
			"rotation": {"angle": 0, "axis": "y", "origin": [12, 0, 0]},
			"faces": {
				"north": {"uv": [0, 0, 1, 11], "texture": "#missing"},
				"east": {"uv": [0, 0, 11, 11], "texture": "#missing"},
				"south": {"uv": [0, 0, 1, 11], "texture": "#missing"},
				"west": {"uv": [0, 0, 16, 16], "texture": "#0"},
				"up": {"uv": [0, 0, 1, 11], "texture": "#missing"},
				"down": {"uv": [0, 0, 1, 11], "texture": "#missing"}
			}
		},
		{
			"from": [11.75, 6.25, -0.2],
			"to": [12.75, 7.25, 0.8],
			"faces": {
				"north": {"uv": [0, 0, 1, 1], "texture": "#1"},
				"east": {"uv": [0, 0, 1, 1], "texture": "#1"},
				"south": {"uv": [0, 0, 1, 1], "texture": "#1"},
				"west": {"uv": [0, 0, 1, 1], "texture": "#1"},
				"up": {"uv": [0, 0, 1, 1], "texture": "#1"},
				"down": {"uv": [0, 0, 1, 1], "texture": "#1"}
			}
		}
	],
	"display": {
		"thirdperson_righthand": {
			"rotation": [75, -99.75, 0],
			"translation": [-2, 3.25, 2.5],
			"scale": [0.375, 0.375, 0.375]
		},
		"thirdperson_lefthand": {
			"rotation": [75, 45, 0],
			"translation": [5.25, 0.25, 4.5],
			"scale": [0.375, 0.375, 0.375]
		},
		"firstperson_righthand": {
			"translation": [0, 8.5, 0]
		},
		"firstperson_lefthand": {
			"rotation": [0, 201.5, 0],
			"translation": [0, 7.5, -1],
			"scale": [0.4, 0.4, 0.4]
		},
		"ground": {
			"translation": [0, 3, 0],
			"scale": [0.25, 0.25, 0.25]
		},
		"gui": {
			"rotation": [0, 90, 0],
			"translation": [7.25, 7, 0],
			"scale": [1, 0.9, 0.9]
		},
		"fixed": {
			"rotation": [0, -90, 0],
			"translation": [-9.75, 13.75, -4],
			"scale": [1, 1.3, 1.3]
		}
	},
	"groups": [
		{
			"name": "hexadecagon",
			"origin": [8, 8, 8],
			"children": [0, 1, 2, 3, 4, 5, 6, 7]
		}, 8, 9]
}