{
	"credit": "Made with Blockbench",
	"texture_size": [32, 32],
	"textures": {
		"0": "block/pntng11",
		"1": "block/texture6",
		"particle": "block/pntng11"
	},
	"elements": [
		{
			"from": [0, -5, 0],
			"to": [27, 27, 1],
			"faces": {
				"north": {"uv": [0, 0, 2, 1.5], "texture": "#0"},
				"east": {"uv": [0, 0, 0.5, 9], "texture": "#0"},
				"south": {"uv": [0, 0, 13.5, 16], "texture": "#0"},
				"west": {"uv": [0, 0, 0.5, 9], "texture": "#0"},
				"up": {"uv": [0, 0, 8, 0.5], "texture": "#0"},
				"down": {"uv": [0, 0, 8, 0.5], "texture": "#0"}
			}
		},
		{
			"from": [-3, 27, -1],
			"to": [30, 30, 1.5],
			"faces": {
				"north": {"uv": [0, 0, 13.5, 16], "texture": "#1"},
				"east": {"uv": [0, 0, 13.5, 16], "texture": "#1"},
				"south": {"uv": [0, 0, 13.5, 16], "texture": "#1"},
				"west": {"uv": [0, 0, 13.5, 16], "texture": "#1"},
				"up": {"uv": [0, 0, 13.5, 16], "texture": "#1"},
				"down": {"uv": [0, 0, 13.5, 16], "texture": "#1"}
			}
		},
		{
			"from": [-3, -5, -1],
			"to": [0, 27, 1.5],
			"faces": {
				"north": {"uv": [0, 0, 13.5, 16], "texture": "#1"},
				"east": {"uv": [0, 0, 13.5, 16], "texture": "#1"},
				"south": {"uv": [0, 0, 13.5, 16], "texture": "#1"},
				"west": {"uv": [0, 0, 13.5, 16], "texture": "#1"},
				"up": {"uv": [0, 0, 13.5, 16], "texture": "#1"},
				"down": {"uv": [0, 0, 13.5, 16], "texture": "#1"}
			}
		},
		{
			"from": [27, -5, -1],
			"to": [30, 27, 1.5],
			"faces": {
				"north": {"uv": [0, 0, 13.5, 16], "texture": "#1"},
				"east": {"uv": [0, 0, 13.5, 16], "texture": "#1"},
				"south": {"uv": [0, 0, 13.5, 16], "texture": "#1"},
				"west": {"uv": [0, 0, 13.5, 16], "texture": "#1"},
				"up": {"uv": [0, 0, 13.5, 16], "texture": "#1"},
				"down": {"uv": [0, 0, 13.5, 16], "texture": "#1"}
			}
		},
		{
			"from": [-3, -8, -1],
			"to": [30, -5, 1.5],
			"faces": {
				"north": {"uv": [0, 0, 13.5, 16], "texture": "#1"},
				"east": {"uv": [0, 0, 13.5, 16], "texture": "#1"},
				"south": {"uv": [0, 0, 13.5, 16], "texture": "#1"},
				"west": {"uv": [0, 0, 13.5, 16], "texture": "#1"},
				"up": {"uv": [0, 0, 13.5, 16], "texture": "#1"},
				"down": {"uv": [0, 0, 13.5, 16], "texture": "#1"}
			}
		}
	],
	"display": {
		"thirdperson_righthand": {
			"rotation": [75, -155.75, 0],
			"translation": [0, 3.5, 0],
			"scale": [0.3, 0.3, 0.3]
		},
		"thirdperson_lefthand": {
			"rotation": [75, -176, 0],
			"translation": [0, 2.5, 0],
			"scale": [0.3, 0.3, 0.3]
		},
		"firstperson_righthand": {
			"rotation": [0, -66.75, 0],
			"scale": [0.4, 0.4, 0.4]
		},
		"firstperson_lefthand": {
			"rotation": [0, -73.75, 0],
			"scale": [0.4, 0.4, 0.4]
		},
		"ground": {
			"translation": [0, 3, 0],
			"scale": [0.25, 0.25, 0.25]
		},
		"gui": {
			"translation": [-2, -1, 0],
			"scale": [0.38, 0.38, 0.66]
		},
		"fixed": {
			"rotation": [0, -180, 0],
			"translation": [3.75, -2.25, -5],
			"scale": [0.7, 0.7, 0.85]
		}
	}
}