{
	"credit": "Made with Blockbench",
	"textures": {
		"0": "block/pntng9",
		"1": "block/pntng9.1",
		"particle": "block/pntng9"
	},
	"elements": [
		{
			"from": [0.75, 4, -5],
			"to": [1, 23, 10],
			"faces": {
				"north": {"uv": [0, 0, 0.25, 16], "texture": "#0"},
				"east": {"uv": [1, 14.5, 11, 15], "texture": "#0"},
				"south": {"uv": [0, 0, 0.25, 16], "texture": "#0"},
				"west": {"uv": [0, 0, 12.5, 16], "texture": "#0"},
				"up": {"uv": [0, 0, 0.25, 15], "texture": "#0"},
				"down": {"uv": [0, 0, 0.25, 15], "texture": "#0"}
			}
		},
		{
			"from": [0.76, -4, 3],
			"to": [1.01, 13, 16],
			"rotation": {"angle": 22.5, "axis": "x", "origin": [0, 0, 0]},
			"faces": {
				"north": {"uv": [0, 0, 0.25, 16], "texture": "#0"},
				"east": {"uv": [1, 14.5, 11, 15], "texture": "#0"},
				"south": {"uv": [0, 0, 0.25, 16], "texture": "#0"},
				"west": {"uv": [0, 0, 12.5, 16], "texture": "#1"},
				"up": {"uv": [0, 0, 0.25, 15], "texture": "#0"},
				"down": {"uv": [0, 0, 0.25, 15], "texture": "#0"}
			}
		}
	],
	"display": {
		"thirdperson_righthand": {
			"rotation": [75, -77, 0],
			"translation": [0, -2.5, 0],
			"scale": [0.375, 0.375, 0.375]
		},
		"thirdperson_lefthand": {
			"rotation": [75, 125.25, 0],
			"translation": [0, -2, 0],
			"scale": [0.375, 0.375, 0.375]
		},
		"firstperson_righthand": {
			"rotation": [0, 45, 0],
			"translation": [0, 5.75, 0],
			"scale": [0.4, 0.4, 0.4]
		},
		"firstperson_lefthand": {
			"rotation": [0, 225, 0],
			"translation": [0, 4.5, 0],
			"scale": [0.4, 0.4, 0.4]
		},
		"ground": {
			"translation": [0, 3, 0],
			"scale": [0.25, 0.25, 0.25]
		},
		"gui": {
			"rotation": [0, 90, 0],
			"translation": [0, 0.5, 0],
			"scale": [1, 0.45, 0.45]
		},
		"fixed": {
			"rotation": [0, -90, 0],
			"translation": [-0.25, 0.25, 8.24],
			"scale": [1, 0.7, 0.7]
		}
	}
}