{
	"credit": "Made with Blockbench",
	"textures": {
		"0": "block/pntng13",
		"2": "block/spruce_log",
		"particle": "block/pntng13"
	},
	"elements": [
		{
			"from": [0, 0, 15.5],
			"to": [16, 16, 16],
			"faces": {
				"north": {"uv": [0, 0, 16, 0.5], "texture": "#0"},
				"east": {"uv": [0, 0, 0.5, 16], "texture": "#0"},
				"south": {"uv": [0, 0, 16, 16], "texture": "#0"},
				"west": {"uv": [0, 0, 0.5, 16], "texture": "#0"},
				"up": {"uv": [0, 0, 16, 0.5], "texture": "#0"},
				"down": {"uv": [0, 0, 16, 0.5], "texture": "#0"}
			}
		},
		{
			"from": [0, 16, 15.5],
			"to": [16, 18, 16],
			"faces": {
				"north": {"uv": [0, 0, 16, 0.5], "texture": "#0"},
				"east": {"uv": [0, 0, 0.5, 16], "texture": "#0"},
				"south": {"uv": [0, 0, 16, 0.5], "texture": "#0"},
				"west": {"uv": [0, 0, 0.5, 16], "texture": "#0"},
				"up": {"uv": [0, 0, 16, 0.5], "texture": "#0"},
				"down": {"uv": [0, 0, 16, 0.5], "texture": "#0"}
			}
		},
		{
			"from": [-0.75, -0.75, 15.25],
			"to": [16.75, 0.25, 16.25],
			"faces": {
				"north": {"uv": [0, 0, 16, 1], "texture": "#2"},
				"east": {"uv": [0, 0, 1, 1], "texture": "#2"},
				"south": {"uv": [0, 0, 16, 1], "texture": "#2"},
				"west": {"uv": [0, 0, 1, 1], "texture": "#2"},
				"up": {"uv": [0, 0, 16, 1], "texture": "#2"},
				"down": {"uv": [0, 0, 16, 1], "texture": "#2"}
			}
		},
		{
			"from": [0.25, 17.75, 15.25],
			"to": [15.75, 18.75, 16.25],
			"faces": {
				"north": {"uv": [0, 0, 1, 2], "rotation": 270, "texture": "#2"},
				"east": {"uv": [0, 0, 1, 1], "rotation": 90, "texture": "#2"},
				"south": {"uv": [3, 2, 4, 17.5], "rotation": 90, "texture": "#2"},
				"west": {"uv": [0, 0, 1, 1], "rotation": 90, "texture": "#2"},
				"up": {"uv": [0, 0, 1, 2], "rotation": 90, "texture": "#2"},
				"down": {"uv": [0, 0, 1, 2], "rotation": 90, "texture": "#2"}
			}
		},
		{
			"from": [-0.75, 0.25, 15.25],
			"to": [0.25, 18.75, 16.25],
			"faces": {
				"north": {"uv": [0, 0, 16, 1], "rotation": 270, "texture": "#2"},
				"east": {"uv": [0, 0, 16, 1], "rotation": 90, "texture": "#2"},
				"south": {"uv": [0, 0, 16, 1], "rotation": 90, "texture": "#2"},
				"west": {"uv": [0, 0, 16, 1], "rotation": 90, "texture": "#2"},
				"up": {"uv": [0, 0, 1, 1], "rotation": 90, "texture": "#2"},
				"down": {"uv": [0, 0, 1, 1], "rotation": 90, "texture": "#2"}
			}
		},
		{
			"from": [15.75, 0.25, 15.25],
			"to": [16.75, 18.75, 16.25],
			"faces": {
				"north": {"uv": [0, 0, 16, 1], "rotation": 270, "texture": "#2"},
				"east": {"uv": [0, 0, 16, 1], "rotation": 90, "texture": "#2"},
				"south": {"uv": [0, 0, 16, 1], "rotation": 90, "texture": "#2"},
				"west": {"uv": [0, 0, 16, 1], "rotation": 90, "texture": "#2"},
				"up": {"uv": [0, 0, 1, 1], "rotation": 90, "texture": "#2"},
				"down": {"uv": [0, 0, 1, 1], "rotation": 90, "texture": "#2"}
			}
		}
	],
	"display": {
		"thirdperson_righthand": {
			"rotation": [75, 154, 0],
			"translation": [0, -2.25, 0],
			"scale": [0.375, 0.375, 0.375]
		},
		"thirdperson_lefthand": {
			"rotation": [75, -132.5, 0],
			"translation": [1.75, -0.5, 0],
			"scale": [0.375, 0.375, 0.375]
		},
		"firstperson_righthand": {
			"rotation": [0, -50.25, 0],
			"translation": [0, 5, 0],
			"scale": [0.4, 0.4, 0.4]
		},
		"firstperson_lefthand": {
			"rotation": [0, -42, 0],
			"translation": [0, 4.5, 0],
			"scale": [0.4, 0.4, 0.4]
		},
		"ground": {
			"translation": [0, 3, 0],
			"scale": [0.25, 0.25, 0.25]
		},
		"gui": {
			"translation": [0, -0.75, 0],
			"scale": [0.75, 0.75, 0.63]
		},
		"fixed": {
			"rotation": [0, 180, 0],
			"translation": [0, -1, 10],
			"scale": [1.2, 1.2, 1.2]
		}
	},
	"groups": [0, 1,
		{
			"name": "group",
			"origin": [0, 0, 0],
			"children": [2]
		},
		{
			"name": "group",
			"origin": [0, 0, 0],
			"children": [3, 4, 5]
		}
	]
}