{
	"credit": "Made with Blockbench",
	"textures": {
		"1": "block/stripped_dark_oak_log",
		"2": "block/stripped_spruce_log",
		"particle": "block/stripped_birch_log"
	},
	"elements": [
		{
			"from": [6, 0.00001, 8.33333],
			"to": [6.5, 15.99999, 15.99999],
			"rotation": {"angle": 0, "axis": "y", "origin": [5.33334, 5.33334, 5.33334]},
			"faces": {
				"north": {"uv": [0, 0, 0.5, 15.99998], "texture": "#2"},
				"east": {"uv": [0, 0, 7.66666, 15.99998], "texture": "#2"},
				"south": {"uv": [0, 0, 0.5, 15.99998], "texture": "#2"},
				"west": {"uv": [0, 0, 7.66666, 15.99998], "texture": "#1"},
				"up": {"uv": [0, 0, 0.5, 7.66666], "texture": "#2"},
				"down": {"uv": [0, 0, 0.5, 7.66666], "texture": "#2"}
			}
		},
		{
			"from": [6, 0.00001, 0.00001],
			"to": [6.5, 15.99999, 7.66667],
			"rotation": {"angle": 0, "axis": "y", "origin": [5.33334, 5.33334, 5.33334]},
			"faces": {
				"north": {"uv": [0, 0, 0.5, 15.99998], "texture": "#2"},
				"east": {"uv": [0, 0, 7.66666, 15.99998], "texture": "#2"},
				"south": {"uv": [0, 0, 0.5, 15.99998], "texture": "#2"},
				"west": {"uv": [4, 0, 11.66666, 15.99998], "texture": "#1"},
				"up": {"uv": [0, 0, 0.5, 7.66666], "texture": "#2"},
				"down": {"uv": [0, 0, 0.5, 7.66666], "texture": "#2"}
			}
		},
		{
			"from": [5.66667, 14.99999, 8.33333],
			"to": [6, 15.99999, 15.99999],
			"rotation": {"angle": 0, "axis": "y", "origin": [5.33334, 5.33334, 5.33334]},
			"faces": {
				"north": {"uv": [0, 0, 1, 3], "texture": "#2"},
				"east": {"uv": [0, 0, 16, 3], "texture": "#2"},
				"south": {"uv": [0, 0, 1, 3], "texture": "#2"},
				"west": {"uv": [0, 0, 7.66666, 1], "texture": "#2"},
				"up": {"uv": [0, 0, 0.33333, 7.66666], "texture": "#2"},
				"down": {"uv": [0, 0, 1, 16], "texture": "#2"}
			}
		},
		{
			"from": [5.66667, 14.99999, 0.00001],
			"to": [6, 15.99999, 7.66667],
			"rotation": {"angle": 0, "axis": "y", "origin": [5.33334, 5.33334, 5.33334]},
			"faces": {
				"north": {"uv": [0, 0, 1, 3], "texture": "#2"},
				"east": {"uv": [0, 0, 16, 3], "texture": "#2"},
				"south": {"uv": [0, 0, 1, 3], "texture": "#2"},
				"west": {"uv": [0, 0, 7.66666, 1], "texture": "#2"},
				"up": {"uv": [0, 0, 0.33333, 7.66666], "texture": "#2"},
				"down": {"uv": [0, 0, 1, 16], "texture": "#2"}
			}
		},
		{
			"from": [5.66667, 1.58334, 9.91667],
			"to": [6, 14.41666, 14.41666],
			"rotation": {"angle": 0, "axis": "y", "origin": [5.33334, 5.33334, 5.33334]},
			"faces": {
				"north": {"uv": [0, 0, 1, 16], "texture": "#2"},
				"east": {"uv": [0, 0, 15, 16], "texture": "#2"},
				"south": {"uv": [0, 0, 1, 16], "texture": "#2"},
				"west": {"uv": [0, 0, 5, 13.33332], "texture": "#2"},
				"up": {"uv": [0, 0, 1, 15], "texture": "#2"},
				"down": {"uv": [0, 0, 1, 15], "texture": "#2"}
			}
		},
		{
			"from": [5.66667, 1.58334, 1.58334],
			"to": [6, 14.41666, 6.08334],
			"rotation": {"angle": 0, "axis": "y", "origin": [5.33334, 5.33334, 5.33334]},
			"faces": {
				"north": {"uv": [0, 0, 1, 16], "texture": "#2"},
				"east": {"uv": [0, 0, 15, 16], "texture": "#missing"},
				"south": {"uv": [0, 0, 1, 16], "texture": "#2"},
				"west": {"uv": [0, 0, 5, 13.33332], "texture": "#2"},
				"up": {"uv": [0, 0, 1, 15], "texture": "#2"},
				"down": {"uv": [0, 0, 1, 15], "texture": "#2"}
			}
		},
		{
			"from": [5.66667, 1.00001, 14.99999],
			"to": [6, 14.99999, 15.99999],
			"rotation": {"angle": 0, "axis": "y", "origin": [5.33334, 5.33334, 5.33334]},
			"faces": {
				"north": {"uv": [0, 0, 1, 16], "texture": "#2"},
				"east": {"uv": [0, 0, 3, 16], "texture": "#2"},
				"south": {"uv": [0, 0, 0.33333, 13.99999], "texture": "#2"},
				"west": {"uv": [0, 0, 1, 13.99999], "texture": "#2"},
				"up": {"uv": [0, 0, 1, 3], "texture": "#2"},
				"down": {"uv": [0, 0, 1, 3], "texture": "#2"}
			}
		},
		{
			"from": [5.66667, 1.00001, 6.66667],
			"to": [6, 14.99999, 7.66667],
			"rotation": {"angle": 0, "axis": "y", "origin": [5.33334, 5.33334, 5.33334]},
			"faces": {
				"north": {"uv": [0, 0, 1, 16], "texture": "#2"},
				"east": {"uv": [0, 0, 3, 16], "texture": "#2"},
				"south": {"uv": [0, 0, 0.33333, 13.99999], "texture": "#2"},
				"west": {"uv": [0, 0, 1, 13.99999], "texture": "#2"},
				"up": {"uv": [0, 0, 1, 3], "texture": "#2"},
				"down": {"uv": [0, 0, 1, 3], "texture": "#2"}
			}
		},
		{
			"from": [5.66667, 0.00001, 8.33333],
			"to": [6, 1.00001, 15.99999],
			"rotation": {"angle": 0, "axis": "y", "origin": [5.33334, 5.33334, 5.33334]},
			"faces": {
				"north": {"uv": [0, 0, 1, 3], "texture": "#2"},
				"east": {"uv": [0, 0, 16, 3], "texture": "#2"},
				"south": {"uv": [0, 0, 0.33333, 1], "texture": "#2"},
				"west": {"uv": [0, 0, 7.66666, 1], "texture": "#2"},
				"up": {"uv": [0, 0, 1, 16], "texture": "#2"},
				"down": {"uv": [0, 0, 0.33333, 7.66666], "texture": "#2"}
			}
		},
		{
			"from": [5.66667, 0.00001, 0.00001],
			"to": [6, 1.00001, 7.66667],
			"rotation": {"angle": 0, "axis": "y", "origin": [5.33334, 5.33334, 5.33334]},
			"faces": {
				"north": {"uv": [0, 0, 0.33333, 1], "texture": "#2"},
				"east": {"uv": [0, 0, 16, 3], "texture": "#2"},
				"south": {"uv": [0, 0, 1, 3], "texture": "#2"},
				"west": {"uv": [0, 0, 7.66666, 1], "texture": "#2"},
				"up": {"uv": [0, 0, 1, 16], "texture": "#2"},
				"down": {"uv": [0, 0, 0.33333, 7.66666], "texture": "#2"}
			}
		},
		{
			"from": [5.66667, 1.00001, 8.33333],
			"to": [6, 14.99999, 9.33333],
			"rotation": {"angle": 0, "axis": "y", "origin": [5.33334, 5.33334, 5.33334]},
			"faces": {
				"north": {"uv": [0, 0, 0.33333, 13.99999], "texture": "#2"},
				"east": {"uv": [0, 0, 3, 16], "texture": "#2"},
				"south": {"uv": [0, 0, 1, 16], "texture": "#2"},
				"west": {"uv": [0, 0, 1, 13.99999], "texture": "#2"},
				"up": {"uv": [0, 0, 1, 3], "texture": "#2"},
				"down": {"uv": [0, 0, 1, 3], "texture": "#2"}
			}
		},
		{
			"from": [5.66667, 1.00001, 0.00001],
			"to": [6, 14.99999, 1.00001],
			"rotation": {"angle": 0, "axis": "y", "origin": [5.33334, 5.33334, 5.33334]},
			"faces": {
				"north": {"uv": [0, 0, 0.33333, 13.99999], "texture": "#2"},
				"east": {"uv": [0, 0, 3, 16], "texture": "#2"},
				"south": {"uv": [0, 0, 1, 16], "texture": "#2"},
				"west": {"uv": [0, 0, 1, 13.99999], "texture": "#2"},
				"up": {"uv": [0, 0, 1, 3], "texture": "#2"},
				"down": {"uv": [0, 0, 1, 3], "texture": "#2"}
			}
		},
		{
			"from": [5, 7, 8.66667],
			"to": [5.66667, 9, 9.33333],
			"rotation": {"angle": 0, "axis": "y", "origin": [5.33334, 5.33334, 5.33334]},
			"faces": {
				"north": {"uv": [0, 0, 2, 6], "texture": "#1"},
				"east": {"uv": [0, 0, 2, 6], "texture": "#1"},
				"south": {"uv": [0, 0, 2, 6], "texture": "#1"},
				"west": {"uv": [9, 5, 10, 7], "texture": "#1"},
				"up": {"uv": [0, 0, 2, 2], "texture": "#1"},
				"down": {"uv": [0, 0, 2, 2], "texture": "#1"}
			}
		},
		{
			"from": [5, 7, 6.66667],
			"to": [5.66667, 9, 7.33333],
			"rotation": {"angle": 0, "axis": "y", "origin": [5.33334, 5.33334, 5.33334]},
			"faces": {
				"north": {"uv": [0, 0, 2, 6], "texture": "#1"},
				"east": {"uv": [0, 0, 2, 6], "texture": "#1"},
				"south": {"uv": [0, 0, 2, 6], "texture": "#1"},
				"west": {"uv": [6, 7, 7, 9], "texture": "#1"},
				"up": {"uv": [0, 0, 2, 2], "texture": "#1"},
				"down": {"uv": [0, 0, 2, 2], "texture": "#1"}
			}
		}
	],
	"display": {
		"thirdperson_righthand": {
			"rotation": [75, 45, 0],
			"translation": [0, 2.5, 0],
			"scale": [0.375, 0.375, 0.375]
		},
		"thirdperson_lefthand": {
			"rotation": [75, 45, 0],
			"translation": [0, 0.75, 0],
			"scale": [0.375, 0.375, 0.375]
		},
		"firstperson_righthand": {
			"rotation": [0, 47.75, 0],
			"translation": [0, 4, 0],
			"scale": [1, 0.3, 0.3]
		},
		"firstperson_lefthand": {
			"rotation": [0, 32.25, -183.5],
			"translation": [0, 3.5, 0.75],
			"scale": [1, 0.3, 0.3]
		},
		"ground": {
			"translation": [0, 3, 0],
			"scale": [0.25, 0.25, 0.25]
		},
		"gui": {
			"rotation": [0, 90, 0],
			"translation": [0, 0.5, 0],
			"scale": [1, 0.9, 0.9]
		},
		"fixed": {
			"rotation": [0, -90, 0],
			"translation": [0, 0, 4.499],
			"scale": [1.8, 1.8, 1.8]
		}
	},
	"groups": [
		{
			"name": "group",
			"origin": [8, 8, 8],
			"children": [
				{
					"name": "group",
					"origin": [0, 0, 0],
					"children": [0, 1]
				},
				{
					"name": "group",
					"origin": [0, 0, 0],
					"children": [2, 3, 4, 5, 6, 7, 8, 9, 10, 11, 12, 13]
				}
			]
		}
	]
}