{
	"credit": "Made with Blockbench",
	"textures": {
		"0": "block/stripped_spruce_log",
		"1": "block/stripped_dark_oak_log",
		"particle": "block/stripped_birch_log"
	},
	"elements": [
		{
			"from": [0.00001, -5.33333, 5.33334],
			"to": [15.99999, 10.66666, 6],
			"rotation": {"angle": 0, "axis": "y", "origin": [5.33334, 0, 5.33334]},
			"faces": {
				"north": {"uv": [0, 0, 15.99998, 15.99998], "texture": "#1"},
				"east": {"uv": [0, 0, 0.66667, 15.99998], "texture": "#0"},
				"south": {"uv": [0, 0, 15.99998, 15.99998], "texture": "#0"},
				"west": {"uv": [0, 0, 0.66667, 15.99998], "texture": "#0"},
				"up": {"uv": [0, 0, 15.99998, 0.66667], "texture": "#0"},
				"down": {"uv": [0, 0, 15.99998, 0.66667], "texture": "#0"}
			}
		},
		{
			"from": [0.00001, 9.66666, 5],
			"to": [15.99999, 10.66666, 5.33334],
			"rotation": {"angle": 0, "axis": "y", "origin": [5.33334, 0, 5.33334]},
			"faces": {
				"north": {"uv": [0, 0, 15.99998, 1], "texture": "#0"},
				"east": {"uv": [0, 0, 1, 3], "texture": "#0"},
				"south": {"uv": [0, 0, 16, 3], "texture": "#0"},
				"west": {"uv": [0, 0, 0.33333, 1], "texture": "#0"},
				"up": {"uv": [0, 0, 15.99998, 0.33333], "texture": "#0"},
				"down": {"uv": [0, 0, 16, 1], "texture": "#0"}
			}
		},
		{
			"from": [0.00001, -5.33333, 5],
			"to": [15.99999, -4.33333, 5.33334],
			"rotation": {"angle": 0, "axis": "y", "origin": [5.33334, 0, 5.33334]},
			"faces": {
				"north": {"uv": [0, 0, 15.99998, 1], "texture": "#0"},
				"east": {"uv": [0, 0, 1, 3], "texture": "#0"},
				"south": {"uv": [0, 0, 16, 3], "texture": "#0"},
				"west": {"uv": [0, 0, 0.33333, 1], "texture": "#0"},
				"up": {"uv": [0, 0, 16, 1], "texture": "#0"},
				"down": {"uv": [0, 0, 15.99998, 0.33333], "texture": "#0"}
			}
		},
		{
			"from": [14.99999, -4.33333, 5],
			"to": [15.99999, 9.66666, 5.33334],
			"rotation": {"angle": 0, "axis": "y", "origin": [5.33334, 0, 5.33334]},
			"faces": {
				"north": {"uv": [0, 0, 1, 13.99999], "texture": "#0"},
				"east": {"uv": [0, 0, 0.33333, 13.99999], "texture": "#0"},
				"south": {"uv": [0, 0, 3, 16], "texture": "#0"},
				"west": {"uv": [0, 0, 1, 16], "texture": "#0"},
				"up": {"uv": [0, 0, 3, 1], "texture": "#0"},
				"down": {"uv": [0, 0, 3, 1], "texture": "#0"}
			}
		},
		{
			"from": [0.00001, -4.33333, 5],
			"to": [1.00001, 9.66666, 5.33334],
			"rotation": {"angle": 0, "axis": "y", "origin": [5.33334, 0, 5.33334]},
			"faces": {
				"north": {"uv": [0, 0, 1, 13.99999], "texture": "#0"},
				"east": {"uv": [0, 0, 1, 16], "texture": "#0"},
				"south": {"uv": [0, 0, 3, 16], "texture": "#0"},
				"west": {"uv": [0, 0, 0.33333, 13.99999], "texture": "#0"},
				"up": {"uv": [0, 0, 3, 1], "texture": "#0"},
				"down": {"uv": [0, 0, 3, 1], "texture": "#0"}
			}
		},
		{
			"from": [1.66667, -3.66666, 5],
			"to": [14.33333, 8.99999, 5.33334],
			"rotation": {"angle": 0, "axis": "y", "origin": [5.33334, 0, 5.33334]},
			"faces": {
				"north": {"uv": [0, 0, 12.66665, 12.66665], "texture": "#0"},
				"east": {"uv": [0, 0, 1, 16], "texture": "#0"},
				"south": {"uv": [0, 0, 16, 16], "texture": "#0"},
				"west": {"uv": [0, 0, 1, 16], "texture": "#0"},
				"up": {"uv": [0, 0, 16, 1], "texture": "#0"},
				"down": {"uv": [0, 0, 16, 1], "texture": "#0"}
			}
		},
		{
			"from": [0.33334, 1.66667, 4.33334],
			"to": [1.00001, 3.66666, 5],
			"rotation": {"angle": 0, "axis": "y", "origin": [5.33334, 0, 5.33334]},
			"faces": {
				"north": {"uv": [9, 1, 9.66667, 3], "texture": "#1"},
				"east": {"uv": [0, 0, 2, 6], "texture": "#1"},
				"south": {"uv": [0, 0, 2, 6], "texture": "#1"},
				"west": {"uv": [0, 0, 2, 6], "texture": "#1"},
				"up": {"uv": [0, 0, 2, 2], "texture": "#1"},
				"down": {"uv": [0, 0, 2, 2], "texture": "#1"}
			}
		}
	],
	"display": {
		"thirdperson_righthand": {
			"rotation": [75, 45, 0],
			"translation": [0, 2.5, 0],
			"scale": [0.375, 0.375, 0.375]
		},
		"thirdperson_lefthand": {
			"rotation": [75, 45, 0],
			"translation": [0, 0.75, 0],
			"scale": [0.375, 0.375, 0.375]
		},
		"firstperson_righthand": {
			"rotation": [0, 128, 0],
			"translation": [0, 5.5, 0],
			"scale": [0.4, 0.4, 0.4]
		},
		"firstperson_lefthand": {
			"rotation": [0, 141.75, 0],
			"translation": [0, 4.5, 0],
			"scale": [0.4, 0.4, 0.4]
		},
		"ground": {
			"translation": [0, 3, 0],
			"scale": [0.25, 0.25, 0.25]
		},
		"gui": {
			"rotation": [0, -180, 0],
			"translation": [0, 4.5, 0],
			"scale": [0.85, 0.85, 0.85]
		},
		"fixed": {
			"translation": [0, 10.5, 6.25],
			"scale": [1.97, 1.97, 1.97]
		}
	}
}